id,username,created_at,lng,lat,text
1393308449921028097,Fitz7,Fri May 14 20:53:15 +0000 2021,-84.433106,33.7671945,@thehill The American people want to see MTG just go away and shut up.
1393308450084560902,mclarennmartin,Fri May 14 20:53:15 +0000 2021,-97.28591349999999,32.7799665,@MexicoMerio Go Padres
1393308449870684160,eimiisan,Fri May 14 20:53:15 +0000 2021,-93.2620465,44.9706105,@mochixtine Perfect weather for a hotteok! https://t.co/SuJ7hCpdAc
1393308450554273796,RIVetsDirector,Fri May 14 20:53:15 +0000 2021,-71.4218325,41.817084,Hope 2 c‚Äôya there!
1393308450621378564,gurrmy,Fri May 14 20:53:15 +0000 2021,-73.8311875,40.6708795,@pawan_deep Na it‚Äôs insane how she keep falling ü§£ü§£ü§£
1393308451711774720,Drnopain3,Fri May 14 20:53:15 +0000 2021,-105.5508905,38.997935999999996,@_ROB_29 https://t.co/Gt21ahYsOz
1393308452236181504,noirmale9,Fri May 14 20:53:16 +0000 2021,-84.714162,33.736306,This b*tch MTG is crazy AF! She's gonna run up on the WRONG one and get a beat down in the halls of Congress. The R‚Ä¶ https://t.co/kDPo8peKNW
1393308453641277440,LesterDuhe,Fri May 14 20:53:16 +0000 2021,-91.0907995,30.4591,Wow!
1393308454299783170,ChicagoWS05,Fri May 14 20:53:16 +0000 2021,-87.732013,41.8335845,Dozier was simply still looking down. Damn it. #WhiteSox
1393308454387736578,tmj_CA_finance,Fri May 14 20:53:16 +0000 2021,-117.1472016,32.9129983,"Mission Fed is hiring in #SanDiego, CA! Read about our latest #Finance job opening via the link in our bio: Univers‚Ä¶ https://t.co/IUlopAIcoa"
1393308455453200388,RFreak27,Fri May 14 20:53:16 +0000 2021,-83.28648,42.0946595,@Ahrealqt Come &amp; get it....ü§£
1393308455646208002,Princess__Sloth,Fri May 14 20:53:16 +0000 2021,-95.44648649999999,29.838495,pages 8-11 https://t.co/48jTBbm9JQ
1393308456157802496,tmj_VAW_cstsrv,Fri May 14 20:53:17 +0000 2021,-77.4291298,39.0066993,"Come join our Adecco team at Adecco. Apply now. https://t.co/MESWmtGNC3 #CustomerService #Sterling, VA"
1393308456841580545,BrennanJTSimon,Fri May 14 20:53:17 +0000 2021,-86.27053950000001,45.001180000000005,@svddendeath @emilyannn18 @DEVISTATING_DEV @ernst_zachary @plurw00k @stillxampd
1393308457017692160,teyona08,Fri May 14 20:53:17 +0000 2021,-77.2369685,38.8051145,I feel like I use  cleaning as a coping mechanism.
1393308456657068033,GAPIMNYorg,Fri May 14 20:53:17 +0000 2021,-73.9685415,40.780709,"‚ÄúWhen we know that more policing and prisons is not keeping us safer, why is it that we continue to ask for the sam‚Ä¶ https://t.co/PXI2RbNEkW"
1393308457965547521,dnguyenm03,Fri May 14 20:53:17 +0000 2021,-122.5889745,45.630589,@ihatemylefteye Next cosplay.
1393308458900869120,datboytmatt,Fri May 14 20:53:17 +0000 2021,-112.12467649999999,33.5528625,@barstoolWSD I agree
1393308459379138563,camjacksonceo,Fri May 14 20:53:17 +0000 2021,-91.0907995,30.4591,Still haven‚Äôt entered my prime ‚åõÔ∏è
1393308459190341638,ScorpioLife64,Fri May 14 20:53:17 +0000 2021,-78.9946395,33.672845499999994,"I certainly do know how it works alan, it was updated 23 minutes before I arrived at the gas station, which did not‚Ä¶ https://t.co/VyKQf5KSFa"
1393308462545707011,hjls45,Fri May 14 20:53:18 +0000 2021,-115.5798785,30.1564885,Igual en BC... tan bravos que dicen ser en la cdmxü§∑üèª‚Äç‚ôÇÔ∏è
1393308462327681026,AKarr36,Fri May 14 20:53:18 +0000 2021,-81.76465999999999,41.3878385,https://t.co/9jVE37jOog
1393308463141462018,youlove_shaneka,Fri May 14 20:53:18 +0000 2021,-78.8954405,35.9909825,I am the star in ANY room that I stand inü§©
1393308463141474304,_EAlejandre,Fri May 14 20:53:18 +0000 2021,-100.0768885,31.1688935,@breaavargas I love u 2!!!
1393308464319852546,mattranalletta,Fri May 14 20:53:18 +0000 2021,-122.4359785,37.7706565,https://t.co/3aUZ2Lydql
1393308464898711555,Adam_Lyon,Fri May 14 20:53:19 +0000 2021,-106.632718,35.1170025,This summer about to be wild üî•
1393308465947422721,BGN960,Fri May 14 20:53:19 +0000 2021,-89.2665075,39.7393005,#Forbes Headline - ‚ÄúGOP Lawmaker Slams Biden‚Äù.   Seriously?  Is this news? https://t.co/xFvhelRrBi
1393308466467516416,Logan_Gibbs,Fri May 14 20:53:19 +0000 2021,-97.754724,30.323345500000002,‚ÄúSpaghetti is in retrograde and I can just feel life manifesting ever since the scorpion moon ‚ò∫Ô∏èü¶ã‚ú®‚Äù
1393308466794598405,GumboGoon,Fri May 14 20:53:19 +0000 2021,-95.44648649999999,29.838495,‚ÄúThis nigga life in your hands. Talk quickly.‚Äù
1393308467079778304,trozodealgo,Fri May 14 20:53:19 +0000 2021,-111.498181,28.9698625,@paumatuss Aber
1393308467293687808,CROSSMARKJobs,Fri May 14 20:53:19 +0000 2021,-86.7816016,36.1626638,We're hiring! Click to apply: GROCERY RETAIL RESET SPECIALIST-HOME STORE/ISE PART TIME - https://t.co/F6h1xEWYHx‚Ä¶ https://t.co/wfkJBP36IT
1393308466731683844,bjweig01,Fri May 14 20:53:19 +0000 2021,-83.1738665,32.6782075,"Same spot. July 23, 2020 vs 10 minutes ago. https://t.co/k3X3RvNVZV"
1393308468069625856,tmj_IDH_HRTA,Fri May 14 20:53:19 +0000 2021,-116.1878018,43.5702012,"This #Hospitality job might be a great fit for you. Click the link in our bio to see it and more. Shift Manager at Arby's #Boise, ID"
1393308468149252098,CareersAtSJC,Fri May 14 20:53:19 +0000 2021,-108.1662621,36.7698666,This job might be a great fit for you: Adjunct Instructor of Respiratory Therapy Program - https://t.co/rFUY7i9MHn #Education #fourcorners
1393308468149297154,pablosymone,Fri May 14 20:53:19 +0000 2021,-118.48042000000001,34.022688,@James__Mo @shezsoambitious @sauceitupbk @fspthedon Fair enough
1393308468422103044,imfreealexander,Fri May 14 20:53:19 +0000 2021,-76.8582385,39.095843,Im over today
1393308468241522690,LDupont4Poco,Fri May 14 20:53:19 +0000 2021,-122.75596949999999,49.251452,@LesliBoldt You realize you are on a slippery slope right? https://t.co/ZKJFmOy3xl
1393308468539387905,xalosrene,Fri May 14 20:53:19 +0000 2021,-117.851089,33.842863,@funder Resign? Dude going to prison
1393308468849922049,Bayology101,Fri May 14 20:53:20 +0000 2021,-95.44648649999999,29.838495,"@ceddyo @BleacherReport Iconic play, iconic player, iconic voice!!!!"
1393308468916932617,southparktrap,Fri May 14 20:53:20 +0000 2021,-95.3694,29.7602,"Just posted a photo @ Houston, Texas https://t.co/nGKp9XeU1G"
1393308469025984512,andrewdersandy,Fri May 14 20:53:20 +0000 2021,-90.70264399999999,38.7796565,@TheWanyeBest More than half adults have gotten their shot. Yes people have been infected but with a very small per‚Ä¶ https://t.co/Dezd3EKoUN
1393308470129143809,ofel_sergund,Fri May 14 20:53:20 +0000 2021,-81.40234699999999,28.299370500000002,-red
1393308470150062086,mauricefromthe6,Fri May 14 20:53:20 +0000 2021,-74.10636600000001,40.6707835,Lmfaooooooo
1393308469877424132,Princess__Sloth,Fri May 14 20:53:20 +0000 2021,-95.44648649999999,29.838495,pages 12-15 https://t.co/B1MkriCw0Q
1393308470552801299,TimeDandy,Fri May 14 20:53:20 +0000 2021,-73.74311900000001,43.1426815,Who put it that way how's that psychiatry is obsoleteCommunication psychology
1393308470854754304,GlavinMillie,Fri May 14 20:53:20 +0000 2021,-81.5635795,43.3305145,@OverDrive1050 Great job
1393308470997364743,FralishKeena,Fri May 14 20:53:20 +0000 2021,-79.861034,35.1704985,GOTCHA HAT is a toolüßÅ
1393308471983022084,domvnyc,Fri May 14 20:53:20 +0000 2021,-73.8494415,40.8503475,Beam me up Scotty giving me extra energy in the gym today
1393308471928446978,Dntcallmelitskn,Fri May 14 20:53:20 +0000 2021,-90.2658225,38.72161800000001,@imSeeRaw @MingToii Fr cause now i gotta get her 3
1393308472209514501,WillCleveland13,Fri May 14 20:53:20 +0000 2021,-75.77004099999999,42.746617,Update: The victim is a white man in his 20s.
1393308472704475143,ncsdfood,Fri May 14 20:53:20 +0000 2021,-83.034363,42.669887,Erase the stigma and keep pushing through. We can all be there for each other. üíó
1393308472847044608,mattyglesias,Fri May 14 20:53:21 +0000 2021,-77.0143985,38.898602999999994,Reading some contemporaneous news accounts of 1990s budget deals and its remarkable how much worse analog-era media‚Ä¶ https://t.co/2oqTnod5OB
1393308474533048320,KanielaIng,Fri May 14 20:53:21 +0000 2021,-157.799589,21.3199435,Why would anyone side with a White Supremacist Ethnostate?
1393308474637914113,JWaqaivolavola,Fri May 14 20:53:21 +0000 2021,-118.9188865,34.188478,"‚ÄúWar is about Deception‚Äù- Sun tzu, The Art of War-"
1393308474705125376,SHEARTHEWOLF,Fri May 14 20:53:21 +0000 2021,-88.16155549999999,30.683649,@itrashtheleft @xox1316 Very limited.
1393308475472551938,Malikthefreak94,Fri May 14 20:53:21 +0000 2021,-106.0929735,39.583484,@lilninabean @Mikeysorad Special packed American meats sound good to y'all ü•≤ I could never üòÇ
1393308475870957568,Matt_FelizHall,Fri May 14 20:53:21 +0000 2021,-122.4359785,37.7706565,@kigedegrage https://t.co/Cv2AKuzYXc
1393308476697366528,__MAWK,Fri May 14 20:53:21 +0000 2021,-75.117998,40.0048655,I hate the blvd
1393308477167112193,Alienated_ET,Fri May 14 20:53:22 +0000 2021,-82.44269399999999,27.9965945,All that hoe shit folks be doing I‚Äôm over that!
1393308478001844226,sagiorio15,Fri May 14 20:53:22 +0000 2021,-83.1480435,42.579003,Let's Go! ‚ù§üë£üåû
1393308478303789058,jamcclurkin,Fri May 14 20:53:22 +0000 2021,-96.053431,41.275721000000004,@RC_GirlsSoccer Good luck Pride
1393308479058759680,arlyscottt,Fri May 14 20:53:22 +0000 2021,-75.1248245,39.708428999999995,i‚Äôm not friends w kashawna nm
1393308479218196484,_kenmarr,Fri May 14 20:53:22 +0000 2021,-72.9291585,41.298394,@__RECON___ It‚Äôs a top tier activity
1393308479318728705,Ab0veL0wer48,Fri May 14 20:53:22 +0000 2021,-149.7587945,61.2350425,What I mean when I say I'm going for a hike ‚õ∞ https://t.co/TCNXgUdNPR
1393308479826415616,barbiebrox,Fri May 14 20:53:22 +0000 2021,-89.13517,41.3466705,@ANDREW1ALBERTT Azul(Blue in Spanish)
1393308481663295490,IcyanaK,Fri May 14 20:53:23 +0000 2021,-122.194398,47.481598,@MehganJames was throwing HANDS on BGC.
1393308481994723329,silvandgold8,Fri May 14 20:53:23 +0000 2021,-118.4119065,34.0207895,"my toxic trait, I‚Äôm a boombap kid üòî"
1393308483534131201,Jrod39,Fri May 14 20:53:23 +0000 2021,-96.053431,41.275721000000004,Remember when America was proud of being in front of things? Proud to have the best infrastructure? Proud of workin‚Ä¶ https://t.co/57ajGc8z0c
1393308484003840000,OneQuaan,Fri May 14 20:53:23 +0000 2021,-87.9672925,43.0567225,"I‚Äôm off all that shit; people want royalties for, in any collection"
1393308484251291656,Crd_Lowe,Fri May 14 20:53:23 +0000 2021,-83.1738665,32.6782075,@couturenookie Exactly ü§¶üèæ‚Äç‚ôÇÔ∏è
1393308484620492806,derickijohnson,Fri May 14 20:53:23 +0000 2021,-97.28591349999999,32.7799665,"@Clary_I_am Thank you for reading, Clary. I‚Äôm touched this moved you, so."
1393308484876242948,Hawk_Principal,Fri May 14 20:53:23 +0000 2021,-71.683502,42.036939000000004,@Mcbridetam26 @BowmanLexPTA @CMA620 You are appreciated everywhere you go... it is so well deserved‚ù§Ô∏è
1393308484934897665,long_ter,Fri May 14 20:53:23 +0000 2021,-122.58544950000001,45.149908499999995,"@AlYourPalster Putting on my way back hat.....driving a 4, pulling into Gresham TC, full bladder, haven't gone sinc‚Ä¶ https://t.co/kk4W0mWYv1"
1393308485102694401,SavannahEadens,Fri May 14 20:53:23 +0000 2021,-122.630908,45.536402,I think work-from-home and my second week on the job is going alright. My coworker? She‚Äôs not so thrilled https://t.co/nUoxPuI3jd
1393308485929119747,eduardo_porben,Fri May 14 20:53:24 +0000 2021,-80.3038715,25.748093,@LadyAndGrey1 üëçüëçüëç https://t.co/QtEY2Ca2rR
1393308486264631296,Princess__Sloth,Fri May 14 20:53:24 +0000 2021,-95.44648649999999,29.838495,pages 16-19 https://t.co/cH4ywqGskB
1393308486688202752,alexwooledge,Fri May 14 20:53:24 +0000 2021,-73.9685415,40.780709,The CDC says it was a big deal for us to do the same thing as a gift for the Department of Transportation
1393308485878788099,axcessbaseball,Fri May 14 20:53:24 +0000 2021,-72.391834,40.885226,Abbey Rolfe draws a bases loaded walk and Port Jeff leads 3-0. Southampton is going to the bullpen https://t.co/tki6cLtXnc
1393308487506173955,KM_SRO,Fri May 14 20:53:24 +0000 2021,-92.743042,44.042961,"Today the 5th graders graduated from the D.A.R.E. program! They did a great job, and I am proud of them.  Every yea‚Ä¶ https://t.co/xc7nj3TCHT"
1393308489171316738,DedricClark,Fri May 14 20:53:24 +0000 2021,-86.791549,36.200008,All traffic could be avoided if everyone just continued to drive forward at a reasonable pace. Let‚Äôs all agree to do this from now on
1393308489318080523,ForgingElements,Fri May 14 20:53:24 +0000 2021,-98.976107,31.702738500000002,"@Elidanza @jane__eden Commission? üëáüèºA ladybug pileup. Photograph by Ed Young, Corbis https://t.co/t2W3wR0ULx"
1393308490035351564,patricklewsband,Fri May 14 20:53:25 +0000 2021,-82.5353,27.3373,"Just posted a photo @ Sarasota, Florida https://t.co/sI3ylIoAQA"
1393308490786033668,WhoaDere_Semaj,Fri May 14 20:53:25 +0000 2021,-74.4411045,40.488195000000005,The thought of living with someone is dreadful.
1393308490781708288,AmandaMcGehee5,Fri May 14 20:53:25 +0000 2021,-119.2796615,46.2581775,@TheKazooHero One of the best transformation scenes of a werewolf for sure. https://t.co/hwMHikvTcl
1393308491205521408,Princess__Sloth,Fri May 14 20:53:25 +0000 2021,-95.44648649999999,29.838495,Bonus page! https://t.co/DII9OHDsVQ
1393308491914305537,AriannaHubert,Fri May 14 20:53:25 +0000 2021,-85.6411415,42.9564115,Thankfully I didn‚Äôt schedule anything for the rest of the day or for tomorrow so I‚Äôll be taking it easy. It‚Äôs one t‚Ä¶ https://t.co/StMnuudUCe
1393308492266680323,SibleyDerek,Fri May 14 20:53:25 +0000 2021,-102.344087,31.873838499999998,@CaitlinLanders @JacobSloanNews I went there for lunch today like I said I would. It was good!
1393308492342206469,TownHallTexas,Fri May 14 20:53:25 +0000 2021,-95.39503752,30.17255891,"Inspiration ‚û°Ô∏è ActualBetween our rentals, a few gorgeous garland from @ejohnstondesigns , and some additions from‚Ä¶ https://t.co/qLiNkoPp9U"
1393308492480532486,CoachKBarlow,Fri May 14 20:53:25 +0000 2021,-83.1738665,32.6782075,@MasonHAsher Happy Birthday!! Young Fella! üôÑüôÑ
1393308492769992704,tasteofjuice,Fri May 14 20:53:25 +0000 2021,-96.7617535,32.819858499999995,@SimonJamesIII Happy Birthday
1393308492925079552,edchism19,Fri May 14 20:53:25 +0000 2021,-104.789327,38.8885185,@BABYCUSCO I‚Äôve been going to the wrong chipotle‚Ä¶
1393308495475183616,tmj_GAS_transp,Fri May 14 20:53:26 +0000 2021,-81.0998342,32.0835407,"Career tip for landing jobs like ""Linehaul Team Driver - $20,000 New Hire Bonus"" in #Savannah, GA. Go on informatio‚Ä¶ https://t.co/gHC0eEqABB"
1393308495664095233,atxbazan,Fri May 14 20:53:26 +0000 2021,-98.5406515,29.417501,@_bpaigeyu @thejordanboldsy When they say he can get a vaccine ill feel more comfortable for him.
1393308495760576512,NDiamonds07,Fri May 14 20:53:26 +0000 2021,-88.1613215,41.748496,Straight üî•üî•üî•
1393308495789780992,tmj_TX_schn,Fri May 14 20:53:26 +0000 2021,-94.7655569,32.5740306,"Career tip for landing jobs like ""DISTRIBUTION CENTER INTERNSHIP - LONGVIEW, TX"" in #Longview, TX. Go on informatio‚Ä¶ https://t.co/H9bRZnlZsE"
1393308495857000454,nolanolegal,Fri May 14 20:53:26 +0000 2021,-90.011008,29.982601,"@BeingNOLA I love you guys so much, so let‚Äôs keep you around, okay?"
1393308495898808321,tmj_MD_secure,Fri May 14 20:53:26 +0000 2021,-76.8483061,39.0992752,"Allied Universal is hiring in Laurel, MD! Read about our latest Security Guard job opening via the link in our bio:‚Ä¶ https://t.co/uZnHFxILLG"
1393308495961788421,GreenNace,Fri May 14 20:53:26 +0000 2021,-82.729516,34.518184000000005,@YourCommissary Cheese.
1393308496133869577,BreSoPrettyyy,Fri May 14 20:53:26 +0000 2021,-80.86594099999999,35.788951,Fr tho !!! I was like a freshman üòÇüòÇüòÇüòÇüòÇüòÇ
1393308496481849346,iiGETSHITDONE,Fri May 14 20:53:26 +0000 2021,-94.5592815,39.1000485,@ThatBoiReese happy birthday my G
1393308498331635718,mailman3162,Fri May 14 20:53:27 +0000 2021,-90.011008,29.982601,@JenniBird6 I like to eat it like it‚Äôs pizza!! üòçü§§
1393308497929031681,green4cp,Fri May 14 20:53:26 +0000 2021,-80.26351700000001,26.1245075,Another episode of #CPConversations ‚úÖ! Watch for it on 5/20 for #GlobalAccessibilityAwarenessDay.Thank you‚Ä¶ https://t.co/qrbeLSvGjt
1393308500067950592,tmj_qbc_jobs,Fri May 14 20:53:27 +0000 2021,-71.2747424,46.7817463,"See our latest #Qu√©bec, QC #Healthcare job opportunity and click the link in our bio to apply: Clin Ops Manager - F‚Ä¶ https://t.co/phVRLm1ljB"
1393308501024272384,quis__custodiet,Fri May 14 20:53:27 +0000 2021,-118.19327,33.77431,2053ZN1851A PLACER COUNTY SHERIFFS DEPARTMENTN33.7743 W118.1933Altitude: 6600ftCourse: 188¬∫Groundspeed: 152kts https://t.co/wZiYB3pZwg
1393308500952948736,DRESINATRA,Fri May 14 20:53:27 +0000 2021,-118.4119065,34.0207895,@PrettyRachelle_ @djhomicide https://t.co/q9J5NOCnlX
1393308501242486784,DoyleMurphy,Fri May 14 20:53:27 +0000 2021,-90.24782400000001,38.653771,"Seeing a lot of STL businesses saying they‚Äôll still require masks inside, but not all of them. https://t.co/oLdVDnBn4O"
1393308500969857024,dempseym73,Fri May 14 20:53:27 +0000 2021,-74.10014,40.403312,Day 1 of  Monmouth Counties. Great day to compete! Lets Go Rockets!!#RaritanTrackAndField #HazletProud‚Ä¶ https://t.co/04Zdm0XdtX
1393308502513356800,mtvento,Fri May 14 20:53:28 +0000 2021,-97.20053,31.531919,üöó oil change time
1393308502534365185,Brain_Stormz,Fri May 14 20:53:28 +0000 2021,-73.8494415,40.8503475,@davidmweissman @GOPLeader If any employee did this they would be fired.
1393308503025070083,FF_LeapOfFaith,Fri May 14 20:53:28 +0000 2021,-81.8705045,26.551447,@FantasyFBStoner @tyfmnfl @TheFantasyFive @joe_zollo @The1Hudsonian @ClubFantasyFFL @lukesawhook @Bl00dy__Sunday‚Ä¶ https://t.co/E8H8OkUeo2
1393308503708561409,STFU_imDAY,Fri May 14 20:53:28 +0000 2021,-118.4119065,34.0207895,@caliboycomplex I literally said the EXACT same thing! Like an intro!
1393308503545155585,VETERANEMO,Fri May 14 20:53:28 +0000 2021,-81.27303549999999,29.8391735,made it https://t.co/oH3SqaNjKz
1393308504656695300,franjaviher,Fri May 14 20:53:28 +0000 2021,-111.498181,28.9698625,Qu√© #vacuna tendr√≠an que aplicarnos a ver si as√≠ se nos quita lo pendejo?ü§î
1393308504534962176,roguerage462,Fri May 14 20:53:28 +0000 2021,-68.98470499999999,45.188407,@TrulyJuxta I have a paper white that I used frequently in California but now that we own a house I‚Äôve been reading‚Ä¶ https://t.co/K0WYNlUEL9
1393308505168244736,dazelaterfilm,Fri May 14 20:53:28 +0000 2021,-118.4119065,34.0207895,holdin back these tears till I drown.
1393308505063493640,og___cam,Fri May 14 20:53:28 +0000 2021,-82.985772,39.9946835,üòÇüòÇ
1393308505491267586,digitalroket,Fri May 14 20:53:28 +0000 2021,-84.433106,33.7671945,@deericchh lol man tht shit taste the same if you know how to cook
1393308505822609411,KaylaJanee_,Fri May 14 20:53:28 +0000 2021,-90.285145,38.840383,Wtw Dai
1393308505902288897,BillCaraher,Fri May 14 20:53:28 +0000 2021,-97.065563,47.907497,@adreinhard Yeah!!!! It‚Äôs one place where the material world and the digital world intersect. Like what the fuck IS‚Ä¶ https://t.co/WAwyB4LAie
1393308506359418881,HotRodDunkin,Fri May 14 20:53:28 +0000 2021,-111.96751599999999,41.082539499999996,"@DJHoneyPawz @tiffdrake13 Wait, if I go turn a few tricks I might be able to make some money. How does $1.25 sound?"
1393308506531536898,_Alizeeeeee,Fri May 14 20:53:29 +0000 2021,-96.7617535,32.819858499999995,I‚Äôm just so frustrated man.... doing stuff all by yourself is really a headache
1393308506451759106,mattyrhone,Fri May 14 20:53:29 +0000 2021,-77.60468399999999,41.1179365,@chrisnallan @TOMRUSSELLCBS21 Which course. I'm hitting Gettysburg national at 2 p.m.
1393308506829332480,spanananano,Fri May 14 20:53:29 +0000 2021,-77.12025249999999,39.043469,@adai____ He definitely is notorious for also choking on absolutely nothing....
1393308507026300928,jamaicanwaves,Fri May 14 20:53:29 +0000 2021,-104.6931725,38.705208,@slipknaughty_ Thank you babe üò≠‚ù§Ô∏è
1393308507211014145,Rochdalian,Fri May 14 20:53:29 +0000 2021,-74.118302,40.572798,Just posted a photo @ New Dorp https://t.co/y4HCnnDwJe
1393308507357732866,gettnguap,Fri May 14 20:53:29 +0000 2021,-96.7617535,32.819858499999995,HELLO!! FUCK!! MAKE IT MAKE SENSE TO MEEEEEE!!
1393308508490059776,coreyford,Fri May 14 20:53:29 +0000 2021,-122.366983,38.3970855,@benwerd Should we mint a Matter coin?
1393308507596750854,LACityParks,Fri May 14 20:53:29 +0000 2021,-118.4119065,34.0207895,"Join us this Monday, May 17th at 2:30PM for the Angeles Mesa Park's Ribbon Cutting Ceremony!Come check out the new‚Ä¶ https://t.co/KYXwzPWtqf"
1393308510763601940,DAYON_FMB,Fri May 14 20:53:30 +0000 2021,-93.301344,44.8244695,Mfs steady tlm bout you gotta buy ah cigarette HELLNAW COUS YOU OWE ME AH 1000$ from the las cigarette get yo goof ass outta here HOE lmao
1393308510834761729,MusicByElijah_,Fri May 14 20:53:30 +0000 2021,-112.3152115,33.4392955,Only on measure 55
1393308510889316354,SPECTacularThe1,Fri May 14 20:53:30 +0000 2021,-83.0507,42.3368,"In the whip bumping @realcoleworld #OnRepeat #TheOffSeason @ Detroit, Michigan https://t.co/DGLfmE6zr9"
1393308511786790917,newsbabe1530,Fri May 14 20:53:30 +0000 2021,-121.2250095,38.677822,"‚ÄúLeader with a short fuse.‚Äù Reports say Biden lashed out at former California AG @XavierBecerra, now on Biden‚Äôs cab‚Ä¶ https://t.co/OlArMIYVog"
1393308512202235908,SimpsonAmaya,Fri May 14 20:53:30 +0000 2021,-81.94029800000001,34.9499645,I‚Äôm bout to get distance. Tired of talking!!
1393308512118349824,brrriitttnnii,Fri May 14 20:53:30 +0000 2021,-100.0768885,31.1688935,@PalmerReport https://t.co/a3LRGwqNB3
1393308513334697985,caitlinlaughney,Fri May 14 20:53:30 +0000 2021,-73.9685415,40.780709,Hmm ü§î
1393308513485697031,giovannx__,Fri May 14 20:53:30 +0000 2021,-84.50306649999999,34.110776,Struggle incubates success but don‚Äôt let that tough skin change youu
1393308512890015749,aflex11,Fri May 14 20:53:30 +0000 2021,-86.1429225,39.7795625,https://t.co/eT5HQWAFJe
1393308513665880064,masterPhaster,Fri May 14 20:53:30 +0000 2021,-120.882482,47.273022,Honestly she was a girl that I shared a couple of classes with one day in a common area I had realized that she was‚Ä¶ https://t.co/6gnkFnmDvF
1393308512684494856,EricFenske9,Fri May 14 20:53:30 +0000 2021,-91.40100849999999,30.937336000000002,"The names change for üêê throwers (not so much for this kid),but the Laws of Physics do not. @CoachCBaseball: Thanks‚Ä¶ https://t.co/n4Rak9cr79"
1393308512743211009,BonitaBayClub,Fri May 14 20:53:30 +0000 2021,-81.823576,26.357302,Exciting tennis still happening at Bonita Bay Club! Stream it now at https://t.co/112iM5gHQw #protennis #usta‚Ä¶ https://t.co/rHeUatyAEG
1393308513842212867,_aly_tho_,Fri May 14 20:53:30 +0000 2021,-71.2136825,42.3253925,@isabella_shey and I every weekday during the school year
1393308514899091456,LeomAthletics,Fri May 14 20:53:31 +0000 2021,-71.7578435,42.525078,We head to the bottom of the third.  9-0 Rams.
1393308515473653763,heyciarra,Fri May 14 20:53:31 +0000 2021,-117.851089,33.842863,@braviary They‚Äôve outwoked themselves.
1393308515591151617,SportsGeniuss,Fri May 14 20:53:31 +0000 2021,-74.0747245,39.954614500000005,@darthjimbles @ploynitar @Shibtoken Why do people say he sold.  He didn't fkn sell
1393308515180191746,VOAYYH,Fri May 14 20:53:31 +0000 2021,-77.036562,38.897804,I am not the only one who is fully vaccinated and happy about don‚Äôt need to put mask on @PressSec . https://t.co/0ayxZcabMV
1393308516790771714,PhilTBH,Fri May 14 20:53:31 +0000 2021,-87.732013,41.8335845,@FR4NKY20 We out
1393308517663133697,jay37045034,Fri May 14 20:53:31 +0000 2021,-84.5634145,33.811316,Wish i was on it
1393308518069977093,PerformCore,Fri May 14 20:53:31 +0000 2021,-85.1455835,41.222105,@ToddYoungIN Gas prices are high because of what Texas did months ago. You seem to have amnesia and a penchant for‚Ä¶ https://t.co/e2rG5FEAc6
1393308518829207554,ashatarry,Fri May 14 20:53:31 +0000 2021,-73.9950324,40.7536668,Make the most of it. @ Worldwide https://t.co/sih7vvQ6Kc
1393308519378481152,SKCFDispatches,Fri May 14 20:53:32 +0000 2021,-122.2270272,47.3826903,"üöë DISPATCH: Medical Aid - Service @ SILVER SPRINGS APTS #D-106, 22416 88TH AVE S #D-106, KENT.Responding Dept: KentUnit(s): CAR374"
1393308519705808896,capturingreali2,Fri May 14 20:53:32 +0000 2021,-77.3230515,37.549010499999994,Not too many high school programs can say they had a CB and Safety of this caliber in the same secondary. Oklahoma‚Ä¶ https://t.co/4YdWHxK5iZ
1393308520456540164,rarerubyc86,Fri May 14 20:53:32 +0000 2021,-98.5406515,29.417501,@BaileyJoy9 WTF it‚Äôs not impossible it‚Äôs hard lol hence heaven is the reward. It is so easy to follow the flock but‚Ä¶ https://t.co/WOTKSKYmq4
1393308521240752131,CaptainSteve666,Fri May 14 20:53:32 +0000 2021,-117.104989,32.810012,"@iamCovNasty Yeah but don‚Äôt tell anyone, I like using it as an excuse for not leaving home üòπ"
1393308521396019202,TimothyX_Lewis,Fri May 14 20:53:32 +0000 2021,-118.4119065,34.0207895,These new @NICKIMINAJ works of art are gonna have me putting a lot of ya in ya place Lol...
1393308524281749505,Ultraman1973,Fri May 14 20:53:33 +0000 2021,-95.76637043,36.06259701,"I'm at Santa Fe Cattle Co. in Broken Arrow, OK https://t.co/r3tujLobsv"
1393308524336320514,GregBeast32,Fri May 14 20:53:33 +0000 2021,-81.3677725,28.501678499999997,Since I‚Äôm coaching in Orlando this weekend I am regrettably having a Poke bowl tonight. (Zero shot I‚Äôm having FL pi‚Ä¶ https://t.co/blKc31dpaQ
1393308525124849669,MyCityBroker,Fri May 14 20:53:33 +0000 2021,-87.75728972,42.0602705,Just posted a photo @ First American Title https://t.co/OSGduGmfMf
1393308525238099974,BeUdaDonGood,Fri May 14 20:53:33 +0000 2021,-71.42446853,41.84404968,Working @ The Spaceship https://t.co/6FZbeZ8N6S
1393308525607194624,findingmestef,Fri May 14 20:53:33 +0000 2021,-81.19485,34.1090235,Ta viciada em sentar com a bunda
1393308525615517700,RonDaaaadon,Fri May 14 20:53:33 +0000 2021,-93.3424135,30.230578,"18 we bounced yall, 19 LMAO, 20 Wentz and LMAO"
1393308526412541963,jmoneyy27,Fri May 14 20:53:33 +0000 2021,-100.0768885,31.1688935,Baby copped these for me this morning üòçüíñ I‚Äôm literally dying! https://t.co/CqXrx6aRQA
1393308527175761921,sugermew,Fri May 14 20:53:33 +0000 2021,-122.3306025,47.614817,One of my fave niche YouTube genres is anti-MLM people...why??? I‚Äôve never had anything todo or wanted to do with a‚Ä¶ https://t.co/pVayN3j7vL
1393308528165670915,kkvonahsen,Fri May 14 20:53:34 +0000 2021,-93.6063695,41.5764375,You ever just cry in your car all the way home after work or is that just me?
1393308528140382208,mattranalletta,Fri May 14 20:53:34 +0000 2021,-122.4359785,37.7706565,@thegarrett ok good to know!
1393308528589279233,Leebs__,Fri May 14 20:53:34 +0000 2021,-89.74405250000001,43.462858499999996,cool ass hiking picture https://t.co/LUW4sVXyGb
1393308529189085185,el_tees_dos,Fri May 14 20:53:34 +0000 2021,-77.60468399999999,41.1179365,@rainnwilson https://t.co/wij5oKl9S0
1393308529491161090,THEALMIGHTYIRON,Fri May 14 20:53:34 +0000 2021,-83.179169,42.246208,@lilybelljoy @Alessan89152675 @MissHardy93 @Ldy3lu @ZCarnevil @WebSlinger_89 @OptimusProwse @bunnyt3rr0r‚Ä¶ https://t.co/WmsnNB6coQ
1393308529897861120,CynthiaDLVillar,Fri May 14 20:53:34 +0000 2021,-111.498181,28.9698625,El 25 de Mayo vence el plazo para solicitar una reimpresi√≥n de la credencial de elector con los mismos datos.   #radiosonora
1393308530036428808,Ikampos01,Fri May 14 20:53:34 +0000 2021,-100.3652735,25.807314499999997,Por que est√°n hermoso el acento paisa? Marico culia o jue puta omeüò´üòçüòç
1393308530396987395,Pisser16282423,Fri May 14 20:53:34 +0000 2021,-111.8808735,33.282450499999996,@xonicobb üñï
1393308531584077828,AsToldByCKD,Fri May 14 20:53:35 +0000 2021,-90.04669200000001,34.948131000000004,Verizon def giving me CSpire vibes tuhday. Whew
1393308532091629572,_jackierodri,Fri May 14 20:53:35 +0000 2021,-87.732013,41.8335845,"Ok I put in a request to retrieve my old myspace, now we wait"
1393308532582191104,nsb49,Fri May 14 20:53:35 +0000 2021,-75.559413,41.501462000000004,How is it that as many people are seeking a solution to a non-problem (#VotingRights) than being solution oriented‚Ä¶ https://t.co/9ofuXDqrEY
1393308532955516928,CoachJLaw,Fri May 14 20:53:35 +0000 2021,-84.4993895,34.2411525,So proud of you dude! Great job! #WarriorFam
1393308532762718210,MaryRoseJulian,Fri May 14 20:53:35 +0000 2021,-72.8219735,41.868019000000004,Barkhamsted Reservoir üåûüíõ https://t.co/TmhYiEvAs2
1393308533605552129,ItsLaDarrion,Fri May 14 20:53:35 +0000 2021,-118.4119065,34.0207895,üòèü©∏ü©∏ü©∏‚öúÔ∏è‚öúÔ∏è‚öúÔ∏èü™Ñ https://t.co/enrbAr4Adn
1393308533840568328,JaneBrownNews,Fri May 14 20:53:35 +0000 2021,-79.2725695,43.629311,@_HeyitsmeAllie Hahaha! Me too!
1393308534146666496,tealovely69,Fri May 14 20:53:35 +0000 2021,-122.2286855,37.791994,Slave states never surprise me! üôÑ
1393308534524153856,Jaydeandre,Fri May 14 20:53:35 +0000 2021,-92.13127399999999,34.7519365,I gotta get my windshield replaced and...I‚Äôm bout to throw the whole truck awayüò≠
1393308535224733700,wandamiller812,Fri May 14 20:53:35 +0000 2021,-80.926628,33.6311395,ATM Beast Banking NEW System https://t.co/7mVtq6ZTq4 via @YouTube  @gcraige
1393308535358898179,alhanna92,Fri May 14 20:53:35 +0000 2021,-87.732013,41.8335845,@AlifiaD @barrybutler9 @ChooseChicago Omg sounds like a date ü•∞ü•∞
1393308535107330055,Sully_Holmes,Fri May 14 20:53:35 +0000 2021,-79.179013,37.400955499999995,Almost game time! Let‚Äôs go Bulldogs @loganduff5 @dillonstowers3 @TannerT48656904 @HKrycinski @John_Simmons_11 https://t.co/8Aoz0OPHix
1393308536256569344,nikzomberg,Fri May 14 20:53:36 +0000 2021,-86.27053950000001,45.001180000000005,@fund_boy @DetroitOnLion 2nd was wishful thinking lol but a 3rd isn‚Äôt. Idk why people think we‚Äôd just give away dep‚Ä¶ https://t.co/uVd8Z9TOTV
1393308536432648209,Hands4Mercy,Fri May 14 20:53:36 +0000 2021,-88.1613215,41.748496,@LifeNewsHQ Using your own judgement works on earth while we are gifted with our free will.....but two additional j‚Ä¶ https://t.co/0i4ZMyZwUk
1393308537024040960,Only1Jaimelia,Fri May 14 20:53:36 +0000 2021,-88.16155549999999,30.683649,As I sit here poor as fuck in total disbelief people would believe someone else is me but supposed to like me ü§î
1393308537418289153,_Alizeeeeee,Fri May 14 20:53:36 +0000 2021,-96.7617535,32.819858499999995,Ughhh don‚Äôt nobody talk to me
1393308537435017220,tmj_COB_prod,Fri May 14 20:53:36 +0000 2021,-105.1142011,39.892517,"Don't submit then quit. Apply for jobs like ""Product Analyst - Work From Home"" at Lumen, then look for people you m‚Ä¶ https://t.co/cma0Z8daXA"
1393308537795842052,_1HundredProof,Fri May 14 20:53:36 +0000 2021,-97.754724,30.323345500000002,I can‚Äôt wait to live near here
1393308538097786882,_xLorenzo,Fri May 14 20:53:36 +0000 2021,-80.290188,25.821728,I get ppl need to make ends meet but some of these motherfuckers just charge way too much for their services. It‚Äôs frustrating as fuck
1393308537753948161,lightmyflame_,Fri May 14 20:53:36 +0000 2021,-68.98470499999999,45.188407,I was supposed to be moving to Florida tomorrow. &amp; that is now delayed for the next couple of weeks or so because I‚Ä¶ https://t.co/oIKTaF5KCm
1393308539175636993,Kristenvandine,Fri May 14 20:53:36 +0000 2021,-117.9987325,33.692542,https://t.co/x3jGvZAgGp My friend Tavi is running the BOSTON MARATHON in honor and memory of her sister who passed‚Ä¶ https://t.co/qlvBeNPH9f
1393308539410583558,lblee58,Fri May 14 20:53:36 +0000 2021,-95.767395,29.532056,@Meagan_Thompson @BoziTatarevic @vassersullivan Just hope it results in winning things come Sunday üòÅ
1393308539565711361,Ba4_vs_BJ,Fri May 14 20:53:36 +0000 2021,-115.135165,36.0609645,Every time I fly for business they put me either in the back of the plane or by the restroom üòÇ
1393308539649597444,baiamontematt,Fri May 14 20:53:36 +0000 2021,-111.6964685,40.2951135,This is the social media content I‚Äôm all about!
1393308539859447812,William43810132,Fri May 14 20:53:36 +0000 2021,-73.61314,45.768733499999996,Who wants a threesome
1393308540811501571,mariangelams9,Fri May 14 20:53:37 +0000 2021,-74.7439445,39.8422105,Que belleza que tengo la nariz rota de tanto sonarmela
1393308541033713665,jason78062380,Fri May 14 20:53:37 +0000 2021,-112.00684100000001,41.5094325,The green shapes are fabricated to match the locations background for other inter global militaries to decode
1393308541226717184,RealYeshua1,Fri May 14 20:53:37 +0000 2021,-86.85117650000001,35.935017,"How's that hoarding working out for you?""Deep Impact"".That's a rock."
1393308540643647490,THECARPENTERWIF,Fri May 14 20:53:37 +0000 2021,-92.1159765,43.374798,Hi!  This is Chris at The Carpenter‚Äôs Wife in downtown Cresco!  We‚Äôre now on Twitter so you can follow us here!‚Ä¶ https://t.co/x6MIMqShCm
1393308542963130371,SenpaiKevXO,Fri May 14 20:53:37 +0000 2021,-112.12467649999999,33.5528625,Someone start a GoFundMe for him man ‚ò†Ô∏è
1393308543474876422,MDLyons8,Fri May 14 20:53:37 +0000 2021,-93.1977235,30.202771,"It damn sure is my choice, you pedophile"
1393308543584018433,StoliMartini,Fri May 14 20:53:37 +0000 2021,-79.42086499999999,38.003375500000004,@learninlife So happy!
1393308543495901184,Brandon81536589,Fri May 14 20:53:37 +0000 2021,-91.0907995,30.4591,https://t.co/eAbkAhHxLJ
1393308543730823173,ItsLogie,Fri May 14 20:53:37 +0000 2021,-83.804475,27.698681999999998,@T7Prodigy üò¥üò¥üò¥
1393308543923728385,RissmillerKevin,Fri May 14 20:53:37 +0000 2021,-83.1738665,32.6782075,.I actually do almost feel sorry for all of those people who own those gas guzzling muscle cars...You know the‚Ä¶ https://t.co/0isEl9go0l
1393308545114849283,BU7ERA,Fri May 14 20:53:38 +0000 2021,-73.723025,45.557830499999994,@PBTyrrell @garyblack00 @elonmusk @Tesla I believe in crypto as well but doge is clearly a joke as of now and the t‚Ä¶ https://t.co/GW3MSMEVdG
1393308545395957764,chrislongview,Fri May 14 20:53:38 +0000 2021,-81.986834,26.63648,NO. JUST FUCKING NO.
1393308545844645893,bliggythegreat,Fri May 14 20:53:38 +0000 2021,-100.453089,31.4405225,It‚Äôs Friday!!!!!!!!!!!!!!!!! #tgif #lifewithliggy #weekendready https://t.co/N4ZMvmIV2z
1393308548398997504,PapiPalmtree,Fri May 14 20:53:39 +0000 2021,-73.9685415,40.780709,She got beautiful brown eyes and a tongue that doesn‚Äôt quit lmao
1393308549799948290,clintcrowe,Fri May 14 20:53:39 +0000 2021,-83.1738665,32.6782075,@GAR_GovAffairs @BetsyBradfield Congratulations Betsy!!
1393308548768178176,JoannaLuvsGod,Fri May 14 20:53:39 +0000 2021,-81.467592,29.991334,@DonaldJTrumpJr #SuicidePrevention #SuicideAwareness #SuicideSquad #Suicide #ChrissyTiegen  @heydjnash #DJNash‚Ä¶ https://t.co/8Q8JJK9s6R
1393308549942595595,ChefSweetJones,Fri May 14 20:53:39 +0000 2021,-97.1145,32.739,Cole Szn üòàüî• @realcoleworld @puma #applyingpressure #theoffseason #coleworld #dreamville #kinging #pumalife‚Ä¶ https://t.co/V0t4ePrLHS
1393308551435722753,jamcclurkin,Fri May 14 20:53:39 +0000 2021,-96.053431,41.275721000000004,@JasenGreen44 @trigonis30 @PangosAACamp Good luck. Have fun
1393308551175671810,UmaTj77,Fri May 14 20:53:39 +0000 2021,-75.297902,40.004108,üôèüôåüèª https://t.co/xIkiOchkBa
1393308551226007555,Natalie69591434,Fri May 14 20:53:39 +0000 2021,-79.861034,35.1704985,It was an exciting day in room 408! Our published books arrived today!! Thank you to Raeleigh who illustrated the f‚Ä¶ https://t.co/GrukCNL23G
1393308552815648769,Jim_Romig,Fri May 14 20:53:40 +0000 2021,-122.39255,40.5876,"Just posted a photo @ Redding, California https://t.co/wplsEnHFnW"
1393308552891142144,giselatorres23,Fri May 14 20:53:40 +0000 2021,-100.0768885,31.1688935,"‚ÄúYou started the FB lives a year ago, you were a little girl and now you‚Äôre a polished model‚Äù I CAN NOT WITH THESE FB PEOPLE ü§£ü§£ü§£ü§£ü§£ü§£ü§£"
1393308553994244102,_EAlejandre,Fri May 14 20:53:40 +0000 2021,-100.0768885,31.1688935,@lisetteanahi23 Thank ya sistaü§çüòò
1393308554111557632,HaroldPederson3,Fri May 14 20:53:40 +0000 2021,-94.92774299999999,39.3211475,"@irosaki_dayo I do have a translator on my phone now and you are a very lovely and beautiful lady, that I would like to meet someday."
1393308554199773187,dantemonaco5,Fri May 14 20:53:40 +0000 2021,-74.7169255,40.840802,@imurdoch_27 @barstoolsports @dougiefresh1979 üòÇüòÇüòÇüòÇüòÇtbh bro i think he‚Äôll make a good tight end
1393308555793604615,PlayboyDrake,Fri May 14 20:53:40 +0000 2021,-83.1738665,32.6782075,I got a potna that be wearing Dolce &amp; Garbonzo üòÇüòÇ
1393308555567042560,terratologist,Fri May 14 20:53:40 +0000 2021,-73.9685415,40.780709,"I look like a corpse here, but look how content that dozy cat is. ‚ô•Ô∏è https://t.co/96WaCgYzyH"
1393308556502372357,bratzbrains,Fri May 14 20:53:40 +0000 2021,-90.24782400000001,38.653771,!!!!!
1393308555999068169,Lunesthetics,Fri May 14 20:53:40 +0000 2021,-73.8311875,40.6708795,When you shit on your opponent so bad they just leave üòÇü§¶‚Äç‚ôÇÔ∏è https://t.co/lM318tqgjj
1393308557559230464,StewardessChick,Fri May 14 20:53:41 +0000 2021,-122.00915599999999,38.2475965,@KRSWong17 Lol highkey!
1393308558159011841,JonathanMcWhir3,Fri May 14 20:53:41 +0000 2021,-83.9638415,35.9824705,@OhNoSheTwitnt Fans of pop country.
1393308558209425408,DihaiemM,Fri May 14 20:53:41 +0000 2021,-112.12467649999999,33.5528625,ŸÇÿ®ŸäŸÑÿ™Ÿäÿå ŸÇÿ®ŸäŸÑÿ© ŸÖÿ∑Ÿäÿ± ÿ£ŸáŸÑ ÿßŸÑŸÖÿπÿ¨ÿ≤ÿßÿ™ ÿ£ÿ≥ŸÇÿ∑Ÿàÿß Ÿ£ ÿ∑Ÿäÿßÿ±ÿßÿ™ ÿ•ŸÜÿ¨ŸÑŸäÿ≤Ÿäÿ©
1393308558096322563,sc_verse,Fri May 14 20:53:41 +0000 2021,-80.9284815,34.056519,Girl bye ü•±
1393308560004636679,MayaBails,Fri May 14 20:53:41 +0000 2021,-86.635964,36.242793,"‚ú®Call me George Foreman , cause I‚Äôm selling everybody grillz ‚ú®"
1393308560298168320,YuriyATL,Fri May 14 20:53:41 +0000 2021,-115.135165,36.0609645,@NannonJames10 Thank you!üôèüôå
1393308560189280256,patcheschance,Fri May 14 20:53:41 +0000 2021,-94.97660149999999,29.767947,my roommate constantly confuses @THEonlyMVYoung with @EFFYlives because ‚ÄúMV‚Äù and ‚ÄúEFFY‚Äù sound just similar enough w‚Ä¶ https://t.co/JvYt6btM53
1393308560306577408,BobAnderton,Fri May 14 20:53:41 +0000 2021,-122.3306025,47.614817,"@GordonOfSeattle @PEMCO Agreed. We don‚Äôt want battles, we want safer streets!@wabikelaw has plenty of work. How a‚Ä¶ https://t.co/0g9VXcV1Kx"
1393308559966973959,jakepolk15,Fri May 14 20:53:41 +0000 2021,-99.6809025,41.500729500000006,Congrats to these 10 for making state T&amp;F!#BurkeBound @ryanpayne05 - 3200@rforeman1111  - long jump@BargenJake‚Ä¶ https://t.co/pQU5rhSgc5
1393308561086853125,chickytoo82,Fri May 14 20:53:42 +0000 2021,-79.380525,46.335477999999995,https://t.co/HKLVoYMNAV üòÜ #youdoyou
1393308561502048259,BLACKGYPSYMERM1,Fri May 14 20:53:42 +0000 2021,-89.92202900000001,35.1335205,Right!!!!!!!
1393308561384656898,A1Alonzo,Fri May 14 20:53:42 +0000 2021,-78.399178,43.211427,I used Shazam to discover Under The Boardwalk by The Rolling Stones. https://t.co/672QL2uHCI
1393308561967652866,rrodriguesspp,Fri May 14 20:53:42 +0000 2021,-74.066663,40.7180015,Marauders are now on a 4-1 run and they lead it 11-4 in Set 1. #SPPvsLincoln #njvolleyball
1393308562164785155,DopeReloaded,Fri May 14 20:53:42 +0000 2021,-95.44648649999999,29.838495,Houston Texas
1393308562550673412,mikemathmets,Fri May 14 20:53:42 +0000 2021,-96.053431,41.275721000000004,@MrMillerALHS @annie2864 @darbylthomas #LynxLegend
1393308562353446917,acrispbajablast,Fri May 14 20:53:42 +0000 2021,-97.34391500000001,37.6838965,took an L in the form of: met this girl like a year ago and got each other‚Äôs snapchats through a group chat. fast f‚Ä¶ https://t.co/imzyEEZmyh
1393308563540414469,JPErskine07,Fri May 14 20:53:42 +0000 2021,-81.873955,34.471602000000004,"@WillyMcGilly @austinjfey Well fat thumbs retweeted this trying to reply. But yeah, that was more of just a general‚Ä¶ https://t.co/FDqHovRRbt"
1393308563611787264,HuntingtonDaly,Fri May 14 20:53:42 +0000 2021,-72.941662,41.484491,Just posted a photo @ Lifetime Movie Network https://t.co/PidBm6hCLB
1393308563704004611,JamesJMarlowe10,Fri May 14 20:53:42 +0000 2021,-74.151061,39.862154000000004,@LogicalFallac18 @BBCWorld More fun fact: Israel has a gazillion more JDAMS. than Hamas has head rags.
1393308563817345024,jeffpiatt,Fri May 14 20:53:42 +0000 2021,-75.4839355,40.591825,"@tegelz @QuarteringGaffs Or the sake stock photo of "" evil woke female protester"" he stole to photoshop  in to the thumbnail."
1393308563704008723,whouch03,Fri May 14 20:53:42 +0000 2021,-96.508996,41.4445675,@JoeyBergles Big guys that can move.... https://t.co/soaCdksQue
1393308564366577664,savannahladuke,Fri May 14 20:53:42 +0000 2021,-118.4119065,34.0207895,@zamythi send ur thots and prayers everyone
1393308564496818178,kabrynnabry,Fri May 14 20:53:42 +0000 2021,-98.219125,32.21631,If you are an upcoming photographer I‚Äôm proud of you! Keep it going! You don‚Äôt have to be do things like anyone els‚Ä¶ https://t.co/kwMFlOUlnw
1393308564849049606,CoachOlind,Fri May 14 20:53:42 +0000 2021,-93.389864,41.938228499999994,Congrats to the @edcovikings Boys Golf team on qualifying for the District Tournament next week at Pheasant Ridge.‚Ä¶ https://t.co/lr92ZNHdkk
1393308566036131843,flowerofmemory,Fri May 14 20:53:43 +0000 2021,-79.92729927,32.77520287,Just posted a photo @ Rainbow Row https://t.co/v7QpNrTCQG
1393308566753271816,KreitzRacing69K,Fri May 14 20:53:43 +0000 2021,-77.60468399999999,41.1179365,It's almost time for night one of the Morgan Cupüîß Just a reminder if you pre-ordered a Brown Shirt &amp; chose the pic‚Ä¶ https://t.co/Hm53kH07Px
1393308568166801410,DebGoldenDC,Fri May 14 20:53:43 +0000 2021,-77.0143985,38.898602999999994,And I'm so proud of my former student! https://t.co/SfjT3Gh8mB
1393308568770711555,IGierzak,Fri May 14 20:53:43 +0000 2021,-86.2418955,43.2329665,@RaeMargaret61 @CNN Did anyone from the ducks team ever get investigated for violating the hatch act which they did almost daily? Why not?
1393308568967843846,chagit360,Fri May 14 20:53:43 +0000 2021,-114.261,35.6158,"Just posted a video @ Dolan Springs, Arizona https://t.co/S7dbUrSYpm"
1393308570372870144,shorb_cake,Fri May 14 20:53:44 +0000 2021,-118.4119065,34.0207895,love u @ddlovato
1393308571169927168,radiokeri,Fri May 14 20:53:44 +0000 2021,-71.103722,42.3954025,You might be confused because you‚Äôre not used to seeing REAL LEADERSHIP IN ACTION. I could not be PROUDER of my fri‚Ä¶ https://t.co/NfOiLk57Oj
1393308571409031172,Coach_Barfield,Fri May 14 20:53:44 +0000 2021,-83.804475,27.698681999999998,üéØ
1393308572101001220,SrtaChris,Fri May 14 20:53:44 +0000 2021,-100.0768885,31.1688935,@linemanissues Bruh! Flagrant foul and a technical
1393308572684111873,knotchicken,Fri May 14 20:53:44 +0000 2021,-96.7617535,32.819858499999995,@wendysbbqsauce Same üíÄ
1393308574332321792,villematic__,Fri May 14 20:53:45 +0000 2021,-91.0907995,30.4591,they handing out L‚Äôs even after you won the shoesüò≠
1393308574575640584,GNavaCampos,Fri May 14 20:53:45 +0000 2021,-77.1719965,38.884281,@HernanGomezB @Irma_Sandoval @lopezobrador_ @SFP_mx Cares who?
1393308574848208897,arthurmat_1481,Fri May 14 20:53:45 +0000 2021,-118.0767455,33.9072505,@Dios733 Am√©n...!!!üôèüôèüôè
1393308574730887175,WUBRG,Fri May 14 20:53:45 +0000 2021,-77.2369685,38.8051145,@NewYorkEnzymes @maro254 @SaffronOlive Yup. This is exactly the right question. At a certain point of engagement th‚Ä¶ https://t.co/Hq9dvmjDV6
1393308575028572161,diciembre_tres_,Fri May 14 20:53:45 +0000 2021,-97.754724,30.323345500000002,Lmao update he did bring me coffee..üíûüíñ‚ú®ü•≤ https://t.co/DOTJh3MKb3
1393308576601440257,AdditiveAlison,Fri May 14 20:53:45 +0000 2021,-112.12467649999999,33.5528625,"@michaelmiraflor I legit love the challenge. I also spent 4 years as an intl flight attendant, so I had some good t‚Ä¶ https://t.co/7w7ADgbM5a"
1393308576794353665,Drnopain3,Fri May 14 20:53:45 +0000 2021,-105.5508905,38.997935999999996,@BreitbartNews Fuck you Joe.  No experimental gene therapy poison for me.
1393308577364840448,trekkiebogle,Fri May 14 20:53:45 +0000 2021,-82.4586,27.9826,Holy crap - Drinking a Bourbon Barrel-aged Scorched Earth by @brewbususa at @brewbususa  ‚Äî https://t.co/dAlNKWFGbS
1393308577532715011,mariecasey216,Fri May 14 20:53:45 +0000 2021,-81.19851750000001,35.1120585,"Wow, looks amazing ‚ù§Ô∏è‚ù§Ô∏è"
1393308577603981318,Ajinkc71,Fri May 14 20:53:45 +0000 2021,-94.63585649999999,39.0339405,@rcdimezzo @mtgreenee @AOC Adults acting like children. Not really sure what these yokels are going for but it came‚Ä¶ https://t.co/igAPMz6Xg9
1393308578002345984,hipsetqeneral,Fri May 14 20:53:46 +0000 2021,-104.92209349999999,39.713563,I feel like a peasant
1393308578065391616,BIGMONCHERY,Fri May 14 20:53:46 +0000 2021,-80.13296249999999,25.816965500000002,"Quarter brick, half a brick, whole brick.. aye!"
1393308578119921665,matthew_leal,Fri May 14 20:53:46 +0000 2021,-98.2136,32.2202,"Just posted a photo @ Stephenville, Texas https://t.co/zhGT8EB6uO"
1393308578115727367,dmhaggerty2,Fri May 14 20:53:46 +0000 2021,-96.398038,34.014712,"I don't think anyone has ever thought of me as ""built for speed"" ü§£ https://t.co/la6XK9hvis"
1393308579088801799,seanoverboard,Fri May 14 20:53:46 +0000 2021,-81.3677725,28.501678499999997,@MarcosSOTS this cannot be real‚Ä¶‚Ä¶..
1393308579327664128,tmj_sac_sales,Fri May 14 20:53:46 +0000 2021,-121.4943996,38.5815719,"Click the link in our bio to see currently open #Sales jobs like ""Public Relations Manager-Deloitte's Green Dot Age‚Ä¶ https://t.co/C6rLoSJGXy"
1393308579482984457,jp_mcclain,Fri May 14 20:53:46 +0000 2021,-85.7223455,38.195555,Probably more https://t.co/O7a5RsFVTL for the west in terms of music.
1393308579705212934,jeremymstamper,Fri May 14 20:53:46 +0000 2021,-119.30660750000001,37.2691755,@Jim_Gannon My people qualified for one of those cardboard Burger King crowns.
1393308579747270663,NaughtyAughty,Fri May 14 20:53:46 +0000 2021,-94.5592815,39.1000485,@LindseyLickteig Not duchess
1393308579822661633,JerryT85373,Fri May 14 20:53:46 +0000 2021,-111.931711,34.1682535,@ItIsMsJillyBean As well you should. Take care.
1393308580258930689,DaddiPikachu,Fri May 14 20:53:46 +0000 2021,-81.3677725,28.501678499999997,I will still be wearing my mask because some of y'all don't even shower everyday üò≠
1393308580544008197,LEOlave_MCE,Fri May 14 20:53:46 +0000 2021,-106.4174305,31.793368,@MHernandez_CI @MCooper_ES You‚Äôre welcome Amiga! ü¶ãüíô
1393308581299118089,CompanyKw,Fri May 14 20:53:46 +0000 2021,-86.77961099999999,33.2980275,@JoePompliano Bud Crawford
1393308581726810115,SharonJWright1,Fri May 14 20:53:46 +0000 2021,-111.931711,34.1682535,@PoliticsVerse FDR!!
1393308582171586571,JohnnyObeid_,Fri May 14 20:53:47 +0000 2021,-76.8582385,39.095843,@wholesomechar It really is
1393308582960115714,LiiLBiiT_15,Fri May 14 20:53:47 +0000 2021,-84.433106,33.7671945,Atlanta whats good ?
1393308582947528705,atxbazan,Fri May 14 20:53:47 +0000 2021,-98.5406515,29.417501,@_bpaigeyu @thejordanboldsy I don‚Äôt the rules. I just live in them.
1393308583249518593,maniicarloo,Fri May 14 20:53:47 +0000 2021,-86.84675250000001,40.407236,@NuriJazmine Can u polish my toes
1393308583375171584,hardlee73,Fri May 14 20:53:47 +0000 2021,-122.630908,45.536402,@CrashPatriot @Kodak621 Indoctrinated government stooges.They're everywhere.
1393308584071639045,CoachPMiller,Fri May 14 20:53:47 +0000 2021,-85.217466,38.1997865,"Wow!!!! THIS IS SIMPLY AMAZING!In 24 Hours, put together a collegiate golf tournament... good for you‚Ä¶ https://t.co/kMTJjlBY9r"
1393308584071553027,jamieob256,Fri May 14 20:53:47 +0000 2021,-73.9685415,40.780709,"@repmtg Hey thug, we pay your salary, too. We don't pay you to bully other members of the House. You think you're h‚Ä¶ https://t.co/ZkAahUi0By"
1393308584306376711,tmj_njn_eng,Fri May 14 20:53:47 +0000 2021,-74.2765441,40.9253725,"Have you ever had a role like ""Product Producibility &amp; Launch Engineer""? What did you like most about that job? #Engineering #Wayne, NJ"
1393308585241813000,DjGrantley,Fri May 14 20:53:47 +0000 2021,-79.267953,43.327593,Just.........don't
1393308584822198272,sbramada,Fri May 14 20:53:47 +0000 2021,-119.30660750000001,37.2691755,"üçπüåûüå¥üåä ""Rum-ada De nada"" ‚õ±Who else is ready to get their Weekend started? The countdown begins... Call 800-654-1965‚Ä¶ https://t.co/61sAmm670L"
1393308586781069318,MrMoose2222,Fri May 14 20:53:48 +0000 2021,-75.549,39.744,Drinking a Monk's Blood by @21stAmendment at @ChelseaTavern ‚Äî https://t.co/jOvlCzQZAs
1393308586852372482,CARDIOGRIND,Fri May 14 20:53:48 +0000 2021,-118.53707,34.17268,When yo Dj drop that Buss it!!! #PonderWithZion #MAKEYOURMOVE ##kickboxingworkout #trainwithkanika #bussitchallenge‚Ä¶ https://t.co/2PiqLhLs53
1393308587485589505,biruiz,Fri May 14 20:53:48 +0000 2021,-118.4119065,34.0207895,"@dudeborge @investvoyager Indeed! And they hosting hostage some Crypto currencies like Avax, not letting us withdra‚Ä¶ https://t.co/HAxHKNhVJU"
1393308587770867721,karissaamariee7,Fri May 14 20:53:48 +0000 2021,-112.12467649999999,33.5528625,Girlsss nightt tonight ‚ò∫Ô∏è‚ò∫Ô∏è‚ò∫Ô∏è‚ò∫Ô∏è
1393308587829735430,NJDHS,Fri May 14 20:53:48 +0000 2021,-74.7135835,40.278782,.@NJDHS Acting Commissioner @sarahmadelman: The change ‚Äúgives more individuals the assistance and new start they ne‚Ä¶ https://t.co/fvfegnTQ8K
1393308588697735168,MusicByElijah_,Fri May 14 20:53:48 +0000 2021,-112.3152115,33.4392955,Its nice to be back in the studio
1393308589822025734,FlemingMaye1,Fri May 14 20:53:48 +0000 2021,-100.3652735,25.807314499999997,@darthbeno Yaaaaaaaa Benoooooo https://t.co/Uyji6Xtg0Q
1393308590220451844,Zach03148199,Fri May 14 20:53:48 +0000 2021,-82.161782,28.012166999999998,Shot one ‚úÖShot two OTW#covidvaccine #PfizerVaccine
1393308589494767618,TConley_JCTV37,Fri May 14 20:53:48 +0000 2021,-85.7682405,37.822244,@areacode606 Minding my own business... https://t.co/kbQORRmGvV
1393308590287491074,fuelgrannie,Fri May 14 20:53:49 +0000 2021,-73.8311875,40.6708795,why thoa?ü§î
1393308590367256576,DLott6,Fri May 14 20:53:49 +0000 2021,-89.87644900000001,32.571032,@majinskii The pink lady Apple is something to be tasted
1393308590958530561,kinseyleexoxo,Fri May 14 20:53:49 +0000 2021,-111.8808735,33.282450499999996,I really need my past to stop popping up in my dreams. üò©üôÑ
1393308591331975169,occrealtor,Fri May 14 20:53:49 +0000 2021,-97.754724,30.323345500000002,How will Elon Musk use all this land he's acquired? https://t.co/NGaVPBsEvX via @MyABJ
1393308591587618817,biddlebadazz,Fri May 14 20:53:49 +0000 2021,-117.60378299999999,34.0451585,If you sell ya pussy  on the World Wide Web you need to have a bank account . I‚Äôm sorry
1393308591382319114,eduardo_porben,Fri May 14 20:53:49 +0000 2021,-80.3038715,25.748093,@DaphneBarbeito üëç https://t.co/RwU3GV9PQl
1393308591772237824,ChadFarrenburg,Fri May 14 20:53:49 +0000 2021,-110.0447835,46.6798,@CooneyforMT @ryanpcooney What do you think he‚Äôs interested in anything besides grievance and supporting domestic terrorism?
1393308591814230017,h8rproof82,Fri May 14 20:53:49 +0000 2021,-98.319925,38.498196,Took one for the team and took out Abreu. Stop this losing streak by any means necessary.
1393308592514772995,SonOfMI,Fri May 14 20:53:49 +0000 2021,-83.1738665,32.6782075,@Mikerizzo1987 This control vs safety argument is so fucking tired. If you have to wear a mask when out in public i‚Ä¶ https://t.co/xrk1hPGt1M
1393308592455966725,cavalli_rich,Fri May 14 20:53:49 +0000 2021,-76.9212315,38.848156,Droppin this soon #dmvrap #dmvmusic #dmvhiphop #NewMusicFriday https://t.co/vP0zygwSH0
1393308593336856582,Tree1628,Fri May 14 20:53:49 +0000 2021,-85.82278600000001,38.323745,Is it 7:30 yet??? @WNBA patiently waiting for the first game!! üôèüèº‚ù§Ô∏èüèÄ
1393308593407946755,tmj_phl_edu,Fri May 14 20:53:49 +0000 2021,-74.6179344,40.0362241,"Want to work in #Wrightstown, NJ? View our latest opening: https://t.co/GqR0QnNPVf #Education"
1393308593596764160,tmj_nm_mgmt,Fri May 14 20:53:49 +0000 2021,-105.9612778,32.8764191,"See our latest #Alamogordo, NM job and click to apply: store manager - Alamogordo, NM - https://t.co/8EZCVv5Yj8 #BusinessMgmt"
1393308593089351684,SoCal360,Fri May 14 20:53:49 +0000 2021,-81.469545,28.477821,Made the park hop over to Universal Studios Florida from Disney's Hollywood Studios. Just a short 15min/14 mile dri‚Ä¶ https://t.co/AnyPwwB6WN
1393308594586619904,tmj_mke_banking,Fri May 14 20:53:50 +0000 2021,-87.8211854,42.5847425,"Can you recommend anyone for this job in #Kenosha, WI? https://t.co/pZWqi5WpIK #branchbanking"
1393308594641113093,joshuacaldwell4,Fri May 14 20:53:50 +0000 2021,-119.02516299999999,35.3469015,@joeeee_g No shit? Lol I was asking how they got a Thursday night game ü§¶‚Äç‚ôÇÔ∏è shitty ass games to have on prime time IMO
1393308595643502593,andrewaledo_,Fri May 14 20:53:50 +0000 2021,-111.931711,34.1682535,@gihoe7 literally it‚Äôs so boring
1393308595740155906,SaderBaseball,Fri May 14 20:53:50 +0000 2021,-84.210905,30.438656,Getting ready for the continuation of our regional semifinal game in just over an hour. Thank you to Coach Gauger a‚Ä¶ https://t.co/WptWzaElss
1393308596872441858,nickharpel,Fri May 14 20:53:50 +0000 2021,-122.415955,47.1749995,@BelisleBrian @mowrowless @BringBackSonics The Kings aren‚Äôt even originally from Sacramento. They have moved 3 times.
1393308597275222024,benwilderv,Fri May 14 20:53:50 +0000 2021,-81.0621,33.993,Drinking a Sunny Ridge by @jacksabby @ WECO Bottle &amp; Biergarten ‚Äî https://t.co/dmTqKRZnQG
1393308597518540807,TuddleOnRadio,Fri May 14 20:53:50 +0000 2021,-81.29165950000001,29.017060999999998,@MarcHochman Chubby Chase
1393308597640212480,haidrojyn,Fri May 14 20:53:50 +0000 2021,-79.2725695,43.629311,Everything is crashingMy brain: don't say it don't say it don't say itMe: buy the dip
1393308597900115974,The_Jak_Life,Fri May 14 20:53:50 +0000 2021,-118.1074395,34.0101865,@im_trashleyyy People be envious? That is the only thing I can think of.
1393308598306951169,mirgotbanned,Fri May 14 20:53:50 +0000 2021,-115.135165,36.0609645,Hahah I‚Äôm lowkey one of the best card players of all time
1393308598407737346,DevinKhari,Fri May 14 20:53:50 +0000 2021,-86.1429225,39.7795625,Y‚Äôall Seen This Video Yet? üì∂üî•This A 2021 Vibe
1393308598919262210,sugermew,Fri May 14 20:53:51 +0000 2021,-122.3306025,47.614817,@Fattyjayz1 Hopefully tomorrow üòçüòç
1393308598894166019,bocampo_,Fri May 14 20:53:51 +0000 2021,-119.30660750000001,37.2691755,@juanonjuan10 Run same size as nba jerseys?
1393308598407770114,CyClan,Fri May 14 20:53:50 +0000 2021,-82.985772,39.9946835,@thetillshow I hope this lady isn't the one adding the fuel. https://t.co/IcaXlUemUu
1393308599850516482,aheartmess,Fri May 14 20:53:51 +0000 2021,-79.861034,35.1704985,Just Fab shoe collection is Basura. Wasn‚Äôt always like this. They selling to Karen‚Äôs now instead of Jessica‚Äôs.
1393308599850393603,khloeOfficial1,Fri May 14 20:53:51 +0000 2021,-107.3420565,24.6624885,@Michelleval10 üî•üî•üî•
1393308599959572493,YaBoyDannyBlaze,Fri May 14 20:53:51 +0000 2021,-79.861034,35.1704985,@rastaslimeyy Yea I thought them being friends would keep things from getting but so bested but they said fuck that lol
1393308601159139329,brelexi,Fri May 14 20:53:51 +0000 2021,-81.267942,32.099475999999996,"someone on 75S did this when I was headed home one time like....just fuck me, my car, and my life"
1393308601360424960,SANJOSEMAILMAN,Fri May 14 20:53:51 +0000 2021,-121.8737305,37.331159,@Shellzie661 Yes
1393308601754730497,_aftrmth_,Fri May 14 20:53:51 +0000 2021,-80.6719535,28.0695275,The bag has been secured @svddendeath üòà
1393308603658821634,Tonoguzb,Fri May 14 20:53:52 +0000 2021,-110.15606612,23.27123839,#eventolarc #liveaquaresidenceclub #offroad #cabosanlucas en Rancho Tierra Sagrada by Cabo Adventures https://t.co/S0gTEn5NNG
1393308603210207237,boyingenes,Fri May 14 20:53:52 +0000 2021,-81.9215795,41.4445855,https://t.co/tH8PO2PiV3
1393308603831013377,Jeezyvega,Fri May 14 20:53:52 +0000 2021,-106.4174305,31.793368,@SuperSaul50
1393308605688975360,Robboman,Fri May 14 20:53:52 +0000 2021,-76.473111,44.320833,@OverDrive1050 I havent see those Canterbury rugby shorts since the last @RugbyCanada win at the world cup
1393308607224197123,Optimo_Prime,Fri May 14 20:53:53 +0000 2021,-90.1861,41.8672,"Posting pics of your Covid vaccination is pure cringe #okcool #obey @ Lyons, Iowa https://t.co/ClKHTwgaaK"
1393308607647780870,_factsnfigures,Fri May 14 20:53:53 +0000 2021,-86.791549,36.200008,@judi_judibee You were ALWAYS in ‚ù§In the words of Robert Allen Zimmerman: you ain't going nowhere
1393308608406835201,SierraTheWeeb,Fri May 14 20:53:53 +0000 2021,-112.12467649999999,33.5528625,Omg I woke up blind in one fucking eye! Wtf Wtf Wtf ummmm
1393308608511631360,verga619,Fri May 14 20:53:53 +0000 2021,-117.104989,32.810012,Lmao
1393308609287802881,David_Leavitt,Fri May 14 20:53:53 +0000 2021,-73.9685415,40.780709,It‚Äôs time to choose! Cloud City and Coatl are two fun #boardgames featured in this month‚Äôs @unboxboardom. The 3rd i‚Ä¶ https://t.co/nWIwuvKbdX
1393308610319593476,girdley,Fri May 14 20:53:53 +0000 2021,-98.5406515,29.417501,Recorded a banger @acquanon today with @billda and @thegeneralmills.How did I know it was great? @billda said s‚Ä¶ https://t.co/1Ha23Z4mgl
1393308610457919495,michaelgbaron,Fri May 14 20:53:53 +0000 2021,-73.8644785,41.011495999999994,@TheRealHoov He definitely is.
1393308611028340738,SayLahChris,Fri May 14 20:53:53 +0000 2021,-90.011008,29.982601,@ColdFlamez_ kongrats Nupe
1393308611493826562,SSFCFOTY15,Fri May 14 20:53:54 +0000 2021,-122.3306025,47.614817,@itsdoctorem Sour you say?
1393308611850424325,BrotherNova,Fri May 14 20:53:54 +0000 2021,-77.49317049999999,37.529883,WHO?!
1393308613104570374,OXImoron_fashON,Fri May 14 20:53:54 +0000 2021,-80.8467855,35.209058999999996,@dearra Snapped!!
1393308613947629568,EricStreetman,Fri May 14 20:53:54 +0000 2021,-84.644926,33.779824000000005,"@shrink_kink What was WAP,  back in your day, pray tell, gorgeous?"
1393308614685777923,hannahkhorick,Fri May 14 20:53:54 +0000 2021,-102.344087,31.873838499999998,"Hot take:Maybe if #txlege and some of its members didn‚Äôt have such a toxic culture around alcohol, they‚Äôd pass mo‚Ä¶ https://t.co/wfdzgyPb1k"
1393308615344336906,mrndvns,Fri May 14 20:53:54 +0000 2021,-96.7617535,32.819858499999995,It‚Äôs a dangerous game ordering records during the summer
1393308615025598466,heelmanitoba,Fri May 14 20:53:54 +0000 2021,-77.0055005,40.211059500000005,Can't ask for a better circle than this one.‚ù§Love &amp; appreciate you my friends! https://t.co/ZmQTp3TQjY
1393308615956733960,KaponeIV,Fri May 14 20:53:55 +0000 2021,-76.9212315,38.848156,Out Atlanta 3x üòÇ Wayne funny as shit
1393308615948345348,hannahkhorick,Fri May 14 20:53:55 +0000 2021,-102.344087,31.873838499999998,I drank more in the 85th than I ever had before &amp; watched others drink far more than is safe because alcohol is jus‚Ä¶ https://t.co/uHD2kz8hQX
1393308616573300745,levinthauer,Fri May 14 20:53:55 +0000 2021,-85.7682405,37.822244,@RepAndyBarr @JoeBiden That's your takeaway? MORE dependence on pipelines and combustible fuels that people will ho‚Ä¶ https://t.co/wnjMXUcNHC
1393308616829153280,menmartey,Fri May 14 20:53:55 +0000 2021,-77.230881,38.916760999999994,@zogbaa I need to do the same chale
1393308617684701184,OrlyCamargo,Fri May 14 20:53:55 +0000 2021,-81.97270499999999,28.049601000000003,"@andrestorresd Mi primer carro fue un R4 modelo 91, creo que fue el √∫ltimo o pen√∫ltimo a√±o que sali√≥ al mercadoü§ó"
1393308617839943681,RizzoPiza,Fri May 14 20:53:55 +0000 2021,-80.271087,25.6994485,@estejaramillo @sylvia_patino
1393308618209042442,GreenEyed_Soup,Fri May 14 20:53:55 +0000 2021,-87.732013,41.8335845,@Nomar5
1393308618460594176,_miimiii_,Fri May 14 20:53:55 +0000 2021,-119.30660750000001,37.2691755,Next time we go dancing let‚Äôs do this choreography @chubrubb @LelaPearl ü§™
1393308619047907332,domm_ann1,Fri May 14 20:53:55 +0000 2021,-98.5406515,29.417501,Soo I‚Äôve been wanting an Aztec arm piece to start my sleeve but every artist I talks to slacks on me üëâüèºüëàüèº
1393308619727413255,DemonicAsh,Fri May 14 20:53:56 +0000 2021,-84.97608199999999,34.767559,@AbacusMike @EthanVanSciver @ReidSpeed123 @AlwaysAudacity I live in the south...a groupie must mean something diffe‚Ä¶ https://t.co/yFsaVH8lIV
1393308620033384448,NilsaMesa4,Fri May 14 20:53:56 +0000 2021,-95.44648649999999,29.838495,@CBSNews @mluciaramirez https://t.co/Z6CvRnVycN
1393308620151042050,statum106,Fri May 14 20:53:56 +0000 2021,-73.9685415,40.780709,@shooterkriegler https://t.co/SzfmvRRAg4
1393308619924443139,PrettyyDee,Fri May 14 20:53:56 +0000 2021,-80.2333285,25.7823535,. . brought sand to the beach üòè https://t.co/qE4TIaExiF
1393308621296095233,SeidewandStyle,Fri May 14 20:53:56 +0000 2021,-86.791549,36.200008,Shania Twain is the üêê
1393308622755483649,tmj_aus_sales,Fri May 14 20:53:56 +0000 2021,-97.8428927,30.0817231,"We're hiring in #Buda, TX! Click the link in our bio to apply to this job and more: Bilingual Store Counter Sales at O'Reilly Automotive"
1393308623569182721,tmj_DEN_secure,Fri May 14 20:53:56 +0000 2021,-104.990251,39.7392358,"Nervous to apply for a job like ""Security Guard- Downtown Driving Patrol"" at Allied Universal? Apply even if you're‚Ä¶ https://t.co/erwFeP3A3f"
1393308624013860865,tmj_sjc_hrta,Fri May 14 20:53:57 +0000 2021,-122.0177252,37.3551616,"Huntington Hotel Group is hiring in #Sunnyvale, CA! Click the link in our bio to apply: Inspector #Hospitality"
1393308624026431491,tmj_rip_pharm,Fri May 14 20:53:57 +0000 2021,-70.9245646,41.8781799,"This job is now open at CVS Health in Lakeville, MA. Follow us and turn on mobile alerts to hear about jobs like th‚Ä¶ https://t.co/Xs0upo6pxX"
1393308624491974658,JuanLadriere,Fri May 14 20:53:57 +0000 2021,-111.498181,28.9698625,"Mientras la mayor√≠a no toma accion por la decepci√≥n y gran cantidad de problem√°ticas que vivimos, el activista, pre‚Ä¶ https://t.co/QOLhQ4Hp2e"
1393308624424816640,tmj_PDX_secure,Fri May 14 20:53:57 +0000 2021,-122.6706498,45.4206749,Looking to start a career in security? Don‚Äôt miss your opportunity to become a Security Guard - Country Club.‚Ä¶ https://t.co/DPVqkfppIK
1393308625674899457,OTBAgency,Fri May 14 20:53:57 +0000 2021,-71.0887125,42.3136695,New visuals for @BAMSFest Happy Anniversary
1393308626220208132,DestineNezear,Fri May 14 20:53:57 +0000 2021,-76.593943,24.074967,In my sidereal chart my Venus is in Capricorn and I would like to say this is a load of barnacles because this is not me at allüòÇ
1393308626119544835,JulianEmersonEC,Fri May 14 20:53:57 +0000 2021,-91.509719,44.819522,"I get to interview some pretty cool people, and Harley Martin, a 15-year-old from Chippewa Falls, is definitely amo‚Ä¶ https://t.co/9rbWS5GVWv"
1393308627037917184,MusicByElijah_,Fri May 14 20:53:57 +0000 2021,-112.3152115,33.4392955,I may rerecord this
1393308626404655115,feetstronaut,Fri May 14 20:53:57 +0000 2021,-89.92202900000001,35.1335205,(NSFW) @ricansolesss kicking a sub in the balls. OUCH! #BallStretching #ballKicking #ballbustingkick #BallAbuse‚Ä¶ https://t.co/8mYClQZ8aT
1393308628157829120,lolsofiaa,Fri May 14 20:53:58 +0000 2021,-118.35726199999999,33.938236,my budget for the day is 20$ today üôÇ
1393308628082380800,T_Stines,Fri May 14 20:53:58 +0000 2021,-87.7065655,30.2868275,Thanks @becky94brown
1393308628581601283,bentleysally133,Fri May 14 20:53:58 +0000 2021,-83.1738665,32.6782075,@BritBratMum My condolences
1393308627826397184,vodkagirl62,Fri May 14 20:53:57 +0000 2021,-118.3128,34.090404,5/14/21 Hacker on my Facebook blocking email account update https://t.co/jFUeDPhFC0 via @YouTube5640 Santa Monica B‚Ä¶ https://t.co/fChFAbozx7
1393308628598153217,Drnopain3,Fri May 14 20:53:58 +0000 2021,-105.5508905,38.997935999999996,@jsolomonReports https://t.co/27BcpWYCTJ
1393308627944054791,GlamLuxeCollec2,Fri May 14 20:53:57 +0000 2021,-73.9487755,40.655138,"@crystalendeavo1 Looking for trendy accessories at an affordable price? Check out our website, we have so many opti‚Ä¶ https://t.co/JSgc63E3gA"
1393308630041038848,mtrlguy,Fri May 14 20:53:58 +0000 2021,-115.23443549999999,36.0188045,Yaaaaas
1393308630410317824,skinprettyshel,Fri May 14 20:53:58 +0000 2021,-90.33188200000001,38.6647105,üçÆ https://t.co/VKPytFrTvE
1393308630913458176,masterPhaster,Fri May 14 20:53:58 +0000 2021,-120.882482,47.273022,I learned that she had a couple of daughters and was happy for her and after thanking her for letting me hitch a ride home
1393308631232299013,IGierzak,Fri May 14 20:53:58 +0000 2021,-86.2418955,43.2329665,@MedicVet68 And most believe every word they hear on fox. It does not matter that they know better themselves they‚Ä¶ https://t.co/NA695pDfEK
1393308632306143234,jonasfanmiley14,Fri May 14 20:53:59 +0000 2021,-97.34391500000001,37.6838965,WMP: Animal Crossing New Horizons Journal Entry 429 Sheldon At Muffy‚Äôs (Nintendo Switch) #GameOn https://t.co/dBZ4K6pJ1O via @YouTube
1393308633300148230,AliSchilpp,Fri May 14 20:53:59 +0000 2021,-77.2369685,38.8051145,@rashworks Andy you made üóØlogo!?! How fabulous!
1393308633287512068,marcialesky,Fri May 14 20:53:59 +0000 2021,-77.0143985,38.898602999999994,Program starts in 10 minutes. Looking forward to the discussion. #CLEO2021 #DiversityInSTEM
1393308634122096641,CastielsHamster,Fri May 14 20:53:59 +0000 2021,-116.9899205,33.729378499999996,@lacuchinaNZ I don't even like eating cakes with a photograph of my son on it. It makes me self conscious. This is‚Ä¶ https://t.co/vHrLVl88xo
1393308635044929542,Julie__Maguire,Fri May 14 20:53:59 +0000 2021,-88.0316985,42.415427,@MikeJoPro Both
1393308636089257984,freehandprofit,Fri May 14 20:53:59 +0000 2021,-118.4119065,34.0207895,Just minutes left!@_KidEight x @freehandprofit https://t.co/isbAYzCpeA #Rarible #nft
1393308636198354944,AkioEvans,Fri May 14 20:53:59 +0000 2021,-76.62048200000001,39.284712999999996,Only a few more left https://t.co/pqzTdaaM4G
1393308636579962888,BruceAtkinson19,Fri May 14 20:54:00 +0000 2021,-114.465155,42.561255,@based_mode You have a problem with babies.
1393308636944949256,spoon_cityy,Fri May 14 20:54:00 +0000 2021,-74.05779749999999,41.557857999999996,@Willpa11 @KyleBrandt Love this take @KyleBrandt
1393308636903051269,Jknoll35,Fri May 14 20:54:00 +0000 2021,-97.3435725,38.0354705,Just another day to get after it https://t.co/k9VrseNgR5
1393308637003718658,RHBullDogSoccer,Fri May 14 20:54:00 +0000 2021,-83.1214145,42.689094499999996,"üî¥‚öΩÔ∏èüî• #WordOfTheDay üî•‚öΩÔ∏èüî¥Romeo Captain and @AUEaglesSoccer commit, Sydney McMillan, drops today‚Äôs word!#AttitudeA‚Ä¶ https://t.co/fTDx1BuOLR"
1393308637888716812,If2PacHadASon,Fri May 14 20:54:00 +0000 2021,-84.433106,33.7671945,So disrespectful smh
1393308638190608385,jminne23,Fri May 14 20:54:00 +0000 2021,-118.48042000000001,34.022688,@ZicaEliana ü§ó
1393308638123601925,filmdevelop,Fri May 14 20:54:00 +0000 2021,-71.566171,44.00123,@3eyedmonster The previous time I had sweet potato fries from that place they were crapp√© but these were obesirific. You should have fries.
1393308638350090245,TheFarrisWheel_,Fri May 14 20:54:00 +0000 2021,-91.0907995,30.4591,"@TristanRuppert The ONLY realistic wins are the rat, goose &amp; medium sized dog. Everything else is an L let‚Äôs be honest"
1393308637674811398,JAMBeautyBarHOU,Fri May 14 20:54:00 +0000 2021,-95.364609,29.744043,Looking for a üî• colorist in ü§òüèº-Town? ..üÖëüÖûüÖûüÖö üÖ£üÖûüÖìüÖêüÖ® üëáüèºüëáüèºüëáüèºhttps://t.co/GglEpno9FfPlz RT/Share ‚ù§Ô∏èüß°‚ù§Ô∏è..‚Ä¶ https://t.co/MCuhm26u8q
1393308638765228034,Jaycemiller3,Fri May 14 20:54:00 +0000 2021,-118.4119065,34.0207895,@Blow1818 @KeepitSocal @2Cultivators @Bigorillazs32 @R3D5PL1FF @SoulofNecro @DodeyIndustries @aStonedmEmoiR‚Ä¶ https://t.co/jo521M8sYK
1393308639407058949,ItsMeKevs19XX,Fri May 14 20:54:00 +0000 2021,-80.14417549999999,26.6337105,@Max_Lederman Putting on a brave face while typing that out lmao ok there Maxy
1393308639692148737,Coach_Hefley,Fri May 14 20:54:00 +0000 2021,-117.02246299999999,32.633767,üëèüëèüëè
1393308640094740480,topgun_skim,Fri May 14 20:54:00 +0000 2021,-94.45546949999999,38.728712,KT staying ready!!! Memorial Day weekend can‚Äôt get here soon enough!!!
1393308640581349378,DatBoiKrispyyy,Fri May 14 20:54:00 +0000 2021,-117.9699815,34.049874,Corolla* hahahah sometimes even 2 weeks if I don‚Äôt go anywhere
1393308640577310727,NaiboVisuals,Fri May 14 20:54:00 +0000 2021,-79.893151,40.5067435,@DropYourNFT @ryptorn Available on @opensea https://t.co/Ie7sHe9AQI
1393308640581390341,AntsyStudio,Fri May 14 20:54:00 +0000 2021,-95.44648649999999,29.838495,@adventuredogco2 This is the coolest thing ever!
1393308640531173377,JamesJMarlowe10,Fri May 14 20:54:00 +0000 2021,-74.151061,39.862154000000004,@save_plm @BBCWorld https://t.co/eiGqfpLCWf
1393308640296198144,BringingThPeace,Fri May 14 20:54:00 +0000 2021,-73.9685415,40.780709,Foggy foggy day in the Bronx https://t.co/BnkYxw3PkJ
1393308642850615296,StarLordLegoGod,Fri May 14 20:54:01 +0000 2021,-98.716992,35.3090465,@OU_Softball @kinziehansen We rollin rollin like a log ü™µ
1393308643165196295,feniangirl,Fri May 14 20:54:01 +0000 2021,-85.51020700000001,36.1395275,"#Hamas #Israel #IDF Karma is a bitch!IDF: Video Captures Deadly Missile Slamming Into Gaza, But It Was Not Fired‚Ä¶ https://t.co/uPaHIdXrvQ"
1393308643697770499,slrzeta,Fri May 14 20:54:01 +0000 2021,-91.586972,42.038363,"@OTownHawkeye @brad_dickson Sean, get into fights about what? Not needing masks?"
1393308643546783744,cerati9,Fri May 14 20:54:01 +0000 2021,-97.1356375,32.70185,J.D. walking to his very first baseball game. ‚öæÔ∏è‚öæÔ∏è‚öæÔ∏è - Arlington - 4.28.2021 @magicdave1983 @Rangers‚Ä¶ https://t.co/CnB9h4l2V2
1393308645610328066,MusicByElijah_,Fri May 14 20:54:02 +0000 2021,-112.3152115,33.4392955,Still not done
1393308646365302786,ducking1257,Fri May 14 20:54:02 +0000 2021,-121.6412685,36.6891495,"Dr called I don‚Äôt have Lyme disease ü¶† , bad part is now I got to figure out why I‚Äôm tripping for ."
1393308646155689989,AmericasBlazers,Fri May 14 20:54:02 +0000 2021,-106.4174305,31.793368,Here‚Äôs the link for the game 1  radio broadcast vs Keller. First pitch is scheduled for 5 PM CST/ 4 PM MST. https://t.co/f5Wn8QnoqR
1393308645413302273,BethB3,Fri May 14 20:54:02 +0000 2021,-94.5592815,39.1000485,I have missed media event planning! Was great to see some folks in person today for the first time in a long time.‚Ä¶ https://t.co/XWysgT3PeI
1393308648160460801,JesusAldana2,Fri May 14 20:54:02 +0000 2021,-117.02246299999999,32.633767,"@linusesq @snboxing The way things are now, we couldn't have a show like that today."
1393308648848322560,XvNico206,Fri May 14 20:54:02 +0000 2021,-122.3306025,47.614817,@ChyWhiteEagle Lake Tapps!?
1393308648886185988,TampaEFL,Fri May 14 20:54:02 +0000 2021,-84.186097,34.174703,"Pj‚Äôs in India Native voice ‚Äúoh fun, you‚Äôre going to watch a movie‚Äù I said .... no we‚Äôre making a movie silly. Lots of them"
1393308649188216841,rmfmagazine,Fri May 14 20:54:03 +0000 2021,-71.0323765,42.399371,Sometimes you have to sit back and wonder what AD‚Äôs are thinking about when they make these hires at any level. Did‚Ä¶ https://t.co/mD59taqqRl
1393308649397829632,BLACKGYPSYMERM1,Fri May 14 20:54:03 +0000 2021,-89.92202900000001,35.1335205,üòçüòçüòçüòçüòçüòçüòçüòçüòçüòçüòçüòçüòç
1393308650068869120,ThatGuyDiamond,Fri May 14 20:54:03 +0000 2021,-122.2180755,47.3923115,@Quiss206 @AyoCHELSSSSS @herecuzigisdown What was his best?
1393308650224201742,ShirvanJ,Fri May 14 20:54:03 +0000 2021,-104.92209349999999,39.713563,It's more important to grow your spirit than cut your dreamsRobert Kiyosaki #livepositive #embracelufe
1393308649351692290,tahlibsworld,Fri May 14 20:54:03 +0000 2021,-75.117998,40.0048655,When the smoke clears üí® https://t.co/N4GfCx5Lwh
1393308650526154762,blakerobert20,Fri May 14 20:54:03 +0000 2021,-89.5694915,44.900818,"Thank you @MrJoeGillis , so far I‚Äôve avoided wearing a ‚Äú cheesehead ‚Äú hat, still popular here.  ‚òÆÔ∏è"
1393308651213950976,mariaRo21136902,Fri May 14 20:54:03 +0000 2021,-75.3671965,40.6252755,No Lo puedo crer que la jente en üáµüá∑ quiera este tipajo son masoquistas se lo merecen yo hace 20a√±os que no voy a la‚Ä¶ https://t.co/DlhCuT5LkI
1393308651453141007,AegisImagery,Fri May 14 20:54:03 +0000 2021,-95.38966283,29.72194155,The Nervous System #travel #houston #hmns #bodyworlds #neuroanatomy @ Houston Museum of Natural Science https://t.co/lQRUWptz69
1393308651885051904,IzBridal,Fri May 14 20:54:03 +0000 2021,-118.2445,34.0564,"Just posted a photo @ Los Angeles, California https://t.co/WeT8zUHybk"
1393308651264352259,rljourno,Fri May 14 20:54:03 +0000 2021,-93.2620465,44.9706105,I have been waiting for the internet to make a ‚ÄúMan in the Iron Mask‚Äù meme  and the internet delivered https://t.co/wqIDb56Of4
1393308652094869505,triviatime5,Fri May 14 20:54:03 +0000 2021,-80.1377315,40.457401000000004,@hannahteter I see two beautiful images üíï
1393308653063741445,scottpiro,Fri May 14 20:54:03 +0000 2021,-73.95,40.65,Red in this young oak leaf yesterday. Is it the same principal as fall foliage ‚Äî how lessening #chlorophyll allows‚Ä¶ https://t.co/9ccIouPZXC
1393308653596422145,Lickmitweets_,Fri May 14 20:54:04 +0000 2021,-74.24545549999999,40.6242735,@LRDTrill Most likely
1393308653382422529,FishyMenz,Fri May 14 20:54:04 +0000 2021,-84.131209,34.205536,@_benziex https://t.co/nou4nxUtev
1393308652753375237,TenaciousTanaka,Fri May 14 20:54:03 +0000 2021,-73.9685415,40.780709,Happy Friday.Next week I will be in hell. I need to structure data from various files types into Salesforce. Fuck. https://t.co/NzN9uUxFJA
1393308654519074818,lblee58,Fri May 14 20:54:04 +0000 2021,-95.767395,29.532056,@G88Gassi Facts!!!!
1393308655366377475,F3rnMayo,Fri May 14 20:54:04 +0000 2021,-83.1738665,32.6782075,@devinhaunted No
1393308655735525378,wumbolivia,Fri May 14 20:54:04 +0000 2021,-108.717715,39.151296,when i tried to kill myself in high school and they went through my phone when i was inpatient üíñ
1393308657279021056,JCRuizPhoto,Fri May 14 20:54:04 +0000 2021,-84.433106,33.7671945,@iamlarryfresh Gracias
1393308659128619008,cd129287,Fri May 14 20:54:05 +0000 2021,-80.0280425,40.5838765,"To all my friends that got the Neca cartoon diorama, I‚Äôm sorry you just received a brown box shipper. That sucks fo‚Ä¶ https://t.co/Bwbs6KEb1N"
1393308659606769669,ThatShaneBua,Fri May 14 20:54:05 +0000 2021,-76.00044199999999,43.029430500000004,@MulyeDesigns It was a small package anyway. Nothing breakable.
1393308659774525444,DaKingSeanIII,Fri May 14 20:54:05 +0000 2021,-97.06684899999999,33.13993,@Shelbsss_____ Had to dip into my savingsüëÄ
1393308659720065025,PorterTFlinn,Fri May 14 20:54:05 +0000 2021,-76.62048200000001,39.284712999999996,üíÄüíÄüíÄ
1393308659661295617,moonchaser7771,Fri May 14 20:54:05 +0000 2021,-110.9155735,32.1893905,Are you doing it? ;)üá∫üá∏üò∑üò∑üá∫üá∏ https://t.co/gPBi30nn0p
1393308659640381449,FredUlmer,Fri May 14 20:54:05 +0000 2021,-80.8293865,28.584726,@WesleyUhler Its becoming a ritual! Drink some beers its Friday. Isles suck its Friday! https://t.co/szWx2GIK8a
1393308660550356992,griffithxjonson,Fri May 14 20:54:05 +0000 2021,-104.92209349999999,39.713563,LISTEN TO THIS!
1393308660626042890,whoisgpatt,Fri May 14 20:54:05 +0000 2021,-95.508925,29.574284499999997,@zeechosen1 Sheesh I gotta see more
1393308661255180291,_underdog_sport,Fri May 14 20:54:05 +0000 2021,-81.25317899999999,41.726684,Is Frank Gore a hall of famer?
1393308661343215617,TheDre_Head,Fri May 14 20:54:05 +0000 2021,-80.2333285,25.7823535,The CDC said it‚Äôs ok to go and make-out with strangers in the clubs again. Have a happy weekend everyone!‚Ä¶ https://t.co/qsvkseghPl
1393308661502545920,ElSamurap,Fri May 14 20:54:05 +0000 2021,-111.9632775,40.55948050000001,@jo58an @SoloMexicanos @qucho Me interesa una antolog√≠a !
1393308661620039687,toPhatPussyKat,Fri May 14 20:54:06 +0000 2021,-77.16310250000001,39.08705500000001,@mr_nic3guy So fineüòç
1393308662240669696,randy_fesser,Fri May 14 20:54:06 +0000 2021,-122.775062,45.311166,ü§£
1393308662123450370,ACCass,Fri May 14 20:54:06 +0000 2021,-73.9685415,40.780709,"New Yorkers have a clear choice: Andrew Yang, a cash relief visionary, or Eric Adams, a gun-toting Republican celeb‚Ä¶ https://t.co/r8ZDoMvd90"
1393308662609940481,anisa_landrum,Fri May 14 20:54:06 +0000 2021,-89.2665075,39.7393005,my roomie really the üêê GO AHEADDD @alyssaKbusker ‚ÄºÔ∏è
1393308662622474244,CAgyemfra,Fri May 14 20:54:06 +0000 2021,-77.6273615,38.7922175,"Woman hoarding fuel catches fire after brief chase, car crash in SC, deputies say https://t.co/Ia3yltbtPK"
1393308663461388308,TheLadyPilar,Fri May 14 20:54:06 +0000 2021,-80.2333285,25.7823535,@covie_93 Keep wearing them
1393308663406731265,aspirevbaz,Fri May 14 20:54:06 +0000 2021,-105.5508905,38.997935999999996,"Aspire 14 UA, 13 UA and 14 Black all qualify for Day 2 of Colorado Crossroads!"
1393308663775911937,xBladeWolfx,Fri May 14 20:54:06 +0000 2021,-70.890708,42.519631,Having a proper pint :) https://t.co/KN98ruEmWQ
1393308664698527745,tmj_ia_mgmt,Fri May 14 20:54:06 +0000 2021,-93.6091064,41.6005448,"This job is now open at O'Reilly Automotive in #DesMoines, IA. Follow us and turn on mobile alerts to hear about jo‚Ä¶ https://t.co/wIBUBqBEDK"
1393308664715427847,Kate_Brummel,Fri May 14 20:54:06 +0000 2021,-94.2791215,39.0148605,@angraor @SportingKC is offering a 30% discount at the in-stadium Sporting Style store to vaccinated fans at a match to be named in June.
1393308664895885318,TheCoolGrizzly,Fri May 14 20:54:06 +0000 2021,-73.723025,45.557830499999994,@Basedmix bruh this era üò≠üò≠üò≠
1393308664992354305,ImRobKelly,Fri May 14 20:54:06 +0000 2021,-81.9968975,28.922832,@CompoundBoss ... 1000 lives this cat has! üò≥
1393308665382383620,CSonafelt,Fri May 14 20:54:06 +0000 2021,-78.7330625,40.4779015,@cinderellaicius @SpeakerPelosi @TeamPelosi How was this woman ever elected to Congress? Oh that's right she was th‚Ä¶ https://t.co/yQkjazlXrf
1393308665617207298,HapaFodder,Fri May 14 20:54:06 +0000 2021,-97.754724,30.323345500000002,@BarrettAnthonie I would literally NEVER work for them.
1393308665780768768,OneQuaan,Fri May 14 20:54:07 +0000 2021,-87.9672925,43.0567225,All dese times is me; som more too the point; t u v
1393308665852174338,Derrick1030,Fri May 14 20:54:07 +0000 2021,-76.255686,36.895082,Tony Montana fa sho
1393308666137223169,mandrews93DFS,Fri May 14 20:54:07 +0000 2021,-117.104989,32.810012,This is not a good take
1393308666422599692,Dinkeldash,Fri May 14 20:54:07 +0000 2021,-86.629891,30.4364535,@bro_ortho Oblates
1393308666393088000,WilliamChagoll4,Fri May 14 20:54:07 +0000 2021,-117.2972094,34.1193752,https://t.co/lKX6Rm0UE9
1393308666846011392,NH_Knowsense,Fri May 14 20:54:07 +0000 2021,-120.58340150000001,44.1454365,I don‚Äôt care what y‚Äôall call it. That‚Äôs a fn purse to my. Man purses ass. Only one strip we rock is a duffle bag!
1393308666980405248,BonsieTweets,Fri May 14 20:54:07 +0000 2021,-79.2996725,43.880694500000004,Really well done pump up video here!! LETS GO!!!
1393308668490395649,dsnewyorker,Fri May 14 20:54:07 +0000 2021,-74.020494,40.768929,https://t.co/b7WRN64IVD
1393308668628774913,Y0KE_,Fri May 14 20:54:07 +0000 2021,-106.632718,35.1170025,"@JakeSmithbob First of all there‚Äôs 5 not 6, second there‚Äôs 3 defense, 2 offense"
1393308669081571328,KanielaIng,Fri May 14 20:54:07 +0000 2021,-157.799589,21.3199435,"Why would anyone, but the openly fascist, side with a White Supremacist Ethnostate?"
1393308669115252742,Gingg__,Fri May 14 20:54:07 +0000 2021,-79.85736349999999,36.090396999999996,Wetseal!!!!!!!
1393308670251917317,everylotnyc,Fri May 14 20:54:08 +0000 2021,-73.98862,40.68575,"152 Hoyt Street, Brooklyn https://t.co/kVO0MrIZSN"
1393308671011139585,TreyTheTrigga,Fri May 14 20:54:08 +0000 2021,-75.117998,40.0048655,@juliaageimerr when people from the south have manners man them manners are impeccable
1393308671547957248,LeomAthletics,Fri May 14 20:54:08 +0000 2021,-71.7578435,42.525078,Baseball up 4-1.  Mid 3.
1393308671933775872,findfeli,Fri May 14 20:54:08 +0000 2021,-118.31768600000001,33.7913075,He got addicted to clout and all the hoes he need the.climb.back
1393308671988277250,McLambzy,Fri May 14 20:54:08 +0000 2021,-121.469664,38.561722,I just took an amazing midday nap. I need to do this way more often üò¥
1393308672491675657,celenesanchezzz,Fri May 14 20:54:08 +0000 2021,-95.44648649999999,29.838495,should i make an appointment to get my brows laminated yes or no üò≠üò≠üò≠
1393308673221578755,simonjm,Fri May 14 20:54:08 +0000 2021,-117.1585,32.7155,"Later last night, blue is gone and darkness sets in...peace? foreboding? simple quiet? The moon knows. @ San Diego,‚Ä¶ https://t.co/zVDLPU9V38"
1393308672558776330,davebardgett,Fri May 14 20:54:08 +0000 2021,-90.6006005,38.7578375,@StLouisGameTime @jeffponder Come on Blues let's get it together.Get the Wick banner back up there.If need be retir‚Ä¶ https://t.co/6XydhbeHMq
1393308673640853504,HDTCareers,Fri May 14 20:54:08 +0000 2021,-84.5120196,39.1031182,This job might be a great fit for you: Operations Supervisor II - https://t.co/EziVx75Wk4 #FacilitiesMgmt #STEM
1393308674005762048,tmj_nursingjobs,Fri May 14 20:54:08 +0000 2021,-75.9145967,42.0881397,"If jobs with titles like ""Staff Nurse"" sound appealing to you, follow us to hear about these types of opportunities‚Ä¶ https://t.co/YiSgXdErUE"
1393308674630823941,PlayboyDrake,Fri May 14 20:54:09 +0000 2021,-83.1738665,32.6782075,that good Big T
1393308675138367489,DeeJayLMS,Fri May 14 20:54:09 +0000 2021,-87.732013,41.8335845,FedEx just split my shipment into 15 parts lolNo exaggerating. 15 tracking numbers. 15 emails just hit my phone from one order.
1393308674752344064,SoundTransit,Fri May 14 20:54:09 +0000 2021,-122.3306025,47.614817,Wider center sections for longer dogs! https://t.co/TUdKob1AsU
1393308676442796033,DiamanteBeltre,Fri May 14 20:54:09 +0000 2021,-83.804475,27.698681999999998,@Bjgipson9 lmfao bro look at the comments
1393308678363619332,dderholt,Fri May 14 20:54:10 +0000 2021,-106.632718,35.1170025,If you have watched Coco without crying I hate to tell ya but you‚Äôre a sociopath.
1393308678544035846,_EAlejandre,Fri May 14 20:54:10 +0000 2021,-100.0768885,31.1688935,"@abbbbbyym I love you my sweet friend!! Thank you, Absü•∫üíõ"
1393308678686642178,JackDennisTN,Fri May 14 20:54:10 +0000 2021,-83.9638415,35.9824705,Bring back the lard
1393308678724411392,MarissaKaye01,Fri May 14 20:54:10 +0000 2021,-87.8071,36.0933785,This is so sad. #tristynbailey #aidenfucci #justiceforTristynBailey #JusticeForWomen https://t.co/W0G8f7xqcR
1393308679567396866,tmj_pediatrics,Fri May 14 20:54:10 +0000 2021,-99.9018131,31.9685988,This job is now open at Jackson Physician Search in TX. Follow us and turn on mobile alerts to hear about jobs like‚Ä¶ https://t.co/MF1NZ76lJL
1393308680704114690,mtofAmanda,Fri May 14 20:54:10 +0000 2021,-76.255686,36.895082,"@LegionofMary46 @zigziggityzoo I went to my D&amp;C show 2 years ago by myself and met some kind folk there, probably do the same this year too"
1393308680846729223,DMHaselden3,Fri May 14 20:54:10 +0000 2021,-80.926628,33.6311395,"@SethAbramson The Republican party has fervently cultivated, nurtured, coddled, promoted, embraced, encouraged, and‚Ä¶ https://t.co/HkXMgGdVFU"
1393308681471619073,cetinkayakoc,Fri May 14 20:54:10 +0000 2021,-119.70163600000001,34.429885,@iyiTriloji ‚ÄúSon 200 yƒ±lda‚Äù diye ≈üerh koyuyorum
1393308681605980163,Maldeenthomas15,Fri May 14 20:54:10 +0000 2021,-76.296144,40.692121,@Greg_A23 @PlayBoiii_Te @ju_steez11 üòÇüòÇüòÇüòÇ Greg mad asl  he funny as shit for that lmaoo
1393308681614340100,myronuniverse13,Fri May 14 20:54:10 +0000 2021,-95.44648649999999,29.838495,üòµ‚Äçüí´ü•¥üôÉü•≤ https://t.co/6cALCRQT88
1393308682797162501,mj_ruleoflaw,Fri May 14 20:54:11 +0000 2021,-70.53382400000001,41.672066,@EliseStefanik You won't succeed. Beginning your career based upon a lie will signal heaps of trouble for you.You‚Ä¶ https://t.co/Yoaa0bHn1u
1393308682914566150,jonkarl,Fri May 14 20:54:11 +0000 2021,-77.0143985,38.898602999999994,‚ÄúI do regret the vote‚Äù@Liz_Cheney tells me she regrets voting for Donald Trump in 2020.
1393308683321364490,FreeTown30,Fri May 14 20:54:11 +0000 2021,-79.9806895,40.431388999999996,@Lastm1nuteKing Depends on what you're using it for
1393308682952220676,thatguyvet,Fri May 14 20:54:11 +0000 2021,-122.908816,42.3787205,Quality content üòÇüòÇhttps://t.co/IS1fmR8coD https://t.co/w2mRSSwylJ
1393308683518480386,hort4cy,Fri May 14 20:54:11 +0000 2021,-93.389864,41.938228499999994,"@KWWLStormTrack7 You need to get your rain dance perfected, @WXSchnack. https://t.co/PuXVX02WHm"
1393308686483918850,FrankGumola,Fri May 14 20:54:11 +0000 2021,-81.705467,41.495939500000006,@the_halfdane Without the can it just looks like constipation IMO. ü§£
1393308688216059909,LuisArellano23_,Fri May 14 20:54:12 +0000 2021,-110.9155735,32.1893905,Thank you for the invite and the opportunity!!  #blessed @Demetri70991850 @CoachEricRogers https://t.co/OhGReybdxy
1393308689059155971,Edgar34almaguer,Fri May 14 20:54:12 +0000 2021,-97.9351915,29.8956065,I'm really dying at the gym to get my body right with a hangover for a pool party to find out it got shut downüò≠
1393308688971177986,songbird1945,Fri May 14 20:54:12 +0000 2021,-85.29307299999999,37.1023595,https://t.co/jz2xOebgR4
1393308689071841281,kevincan95,Fri May 14 20:54:12 +0000 2021,-73.4497535,45.449000999999996,@UniNoticias @IvanDuque @patriciajaniot @AlPunto https://t.co/iCmUf0LAtR
1393308689403203585,fourconfession,Fri May 14 20:54:12 +0000 2021,-77.57245499999999,43.211766999999995,@BlueCityRadio Agreed
1393308689465937920,hjls45,Fri May 14 20:54:12 +0000 2021,-115.5798785,30.1564885,No oy√≥ bien ... le gritaron NARCOü§∑üèª‚Äç‚ôÇÔ∏è
1393308689591795713,STARBURSTZZ,Fri May 14 20:54:12 +0000 2021,-122.0480975,37.675863500000006,@zeonontop Yeah taking it today then I‚Äôm off
1393308689700900868,humanbrennapede,Fri May 14 20:54:12 +0000 2021,-79.9438375,39.6293145,delete this queen
1393308689767993346,A1Alonzo,Fri May 14 20:54:12 +0000 2021,-78.399178,43.211427,@PoeticEsther üòÅüòÅüòÅüòÅüôã‚Äç‚ôÇÔ∏èüëçüëçüëç‚úåüôÉüôÉ
1393308689809948679,danny_stew23,Fri May 14 20:54:12 +0000 2021,-87.5334065,33.1966005,@MichelobULTRA Large pls
1393308689839370240,AyoCHELSSSSS,Fri May 14 20:54:12 +0000 2021,-83.099288,42.3527865,@ThatGuyDiamond @herecuzigisdown If I‚Äôd have to pick a favorite I‚Äôd say Jay Z but that doesn‚Äôt take away from Cole‚Ä¶ https://t.co/sNBtuRv0LF
1393308689860268039,abrunetweets,Fri May 14 20:54:12 +0000 2021,-87.732013,41.8335845,I‚Äôm the type of friend who uses the comments section to keep the ones I love humble ü•∞(Cc: @Ayeee_Chels ) https://t.co/N5sZh821LE
1393308690665680905,galacticbri,Fri May 14 20:54:12 +0000 2021,-95.11701450000001,29.707585,we day drinking on a friday ü§™
1393308690569043970,VanessaRagains,Fri May 14 20:54:12 +0000 2021,-122.3154215,37.552481,"On 5/15, I will take you inside the THE HOLISTIC APPROACH Community + show you how to navigate around.üéâJOIN ME LI‚Ä¶ https://t.co/csXsv2ZOw1"
1393308691802230785,zjsdz_,Fri May 14 20:54:13 +0000 2021,-78.3843755,40.438062,"Switching back to Xbox, glad to becoming home"
1393308692091703306,AdventuresAtl,Fri May 14 20:54:13 +0000 2021,-84.3889,33.7566,"Just posted a photo @ Atlanta, Georgia https://t.co/KrJqYPzGMK"
1393308692263677953,Cole61420840,Fri May 14 20:54:13 +0000 2021,-89.92202900000001,35.1335205,@mudvixen Message me
1393308692297158658,RobOrdonez,Fri May 14 20:54:13 +0000 2021,-74.002222,40.745278,"TGIF #tgif #nycactor #nyccasting #newyork #streetart #ny1pic @ Chelsea, Manhattan https://t.co/j1tzaf0h2g"
1393308691085111298,asifhaji1954,Fri May 14 20:54:13 +0000 2021,-79.2996725,43.880694500000004,@KhaledBeydoun https://t.co/KVdvoDZuuj
1393308692662132736,PerformCore,Fri May 14 20:54:13 +0000 2021,-85.1455835,41.222105,@RepJimBanks Tell me how Hamas is wiping out Israel when the US sends Israel $3.8B in defense every year?
1393308693991727107,shadydicks,Fri May 14 20:54:13 +0000 2021,-90.030948,29.8731515,@AlphaTopWolf22 üëÖ
1393308694297841670,DarkRenton,Fri May 14 20:54:13 +0000 2021,-79.820465,43.381395999999995,@NurkoNicole Meeoooowüòª
1393308695031816194,realgreeneyesss,Fri May 14 20:54:13 +0000 2021,-112.12467649999999,33.5528625,I wanna make some CONTENT IN MIAMI
1393308695271022600,PuddlesFrasier,Fri May 14 20:54:14 +0000 2021,-100.247165,44.2125075,@JKBOGEN Week 15 vs seahawks in SoFi                  Week 16 vs Vikes in Minneapolis
1393308694436368385,kutico182,Fri May 14 20:54:13 +0000 2021,-71.259689,42.344643,GN @Isa_Cruz08 @MayuCuesta @cetega @josvaldoramirez @LakMorel @art_beat16 @RoaMarta2 @lovefaithmagic1 @yokymp‚Ä¶ https://t.co/MNQtCi8n8w
1393308695556202500,JudithLin4,Fri May 14 20:54:14 +0000 2021,-84.4169165,42.759558,https://t.co/lB3PVQ4e2f https://t.co/zkqay726TV
1393308695799476227,Jerozi_,Fri May 14 20:54:14 +0000 2021,-87.701781,41.7208135,Lmfaooooooo
1393308697103937536,hrbvn,Fri May 14 20:54:14 +0000 2021,-81.1850665,28.529141000000003,I learned along time ago not to throw that ‚Äúbeat friend‚Äù term around loosely
1393308698345414660,hllij06,Fri May 14 20:54:14 +0000 2021,-75.117998,40.0048655,@walkerswalk11 @mycoqueen @DBreath2021 @cjohnson999 @bang_40 Are you kidding posting this with this caption . Do mo‚Ä¶ https://t.co/9LjNedhP2q
1393308697921671168,kimberlybelll,Fri May 14 20:54:14 +0000 2021,-118.4119065,34.0207895,‚öæÔ∏èüíô https://t.co/jZ213bGe30
1393308698001477634,Pastor3D,Fri May 14 20:54:14 +0000 2021,-85.7682405,37.822244,Why is there a big number ‚Äú3‚Äù hovering over my house in Madison County? @Kentuckyweather @JimWKYT https://t.co/HXR6Ri3cyF
1393308698647400454,jdonaldson160,Fri May 14 20:54:14 +0000 2021,-74.7243235,40.073040500000005,@cable_kimbra @KyleJ082313 @UNS0LICITEDFAX @larsp2740 @nytimes Go get your Frappuccino
